city	region	latitude	longitude
Ventimiglia	Liguria	43.7912366	7.6075864
Acqualagna	Marche	43.6194948	12.6733324
Teglio	Lombardy	46.1722263	10.0669709
Suzzara	Lombardia	44.9914101	10.7451252
Verona	Veneto	45.4383659	10.9917136
Colle di Val d'Elsa	Tuscany	43.4199853	11.1271708
Cagliari	Sardinia	39.2237323	9.1217194
Trescore Balneario	Lombardy	45.6954532	9.840400299999999
Sorrento	Campania	40.6263969	14.3764167
Vasto	Abruzzo	42.1045656	14.7059197
Alba	Piedmont	44.7009526	8.0353488
Fornace	Trentino-South Tyrol	46.1186941	11.2074143
Castiglione della Pescaia	Tuscany	42.7636762	10.8753047
Perignano	Tuscany	43.6033492	10.5872857
Castel Mella	Lombardy	45.49606499999999	10.1442241
Tortona	Piedmont	44.8952122	8.8633326
ang. via Facchini		41.87194	12.56738
Altare	Liguria	44.33611699999999	8.3411589
Bibbiena	Tuscany	43.6968572	11.8163253
Aprica	Lombardy	46.1540031	10.1526188
Naples	Campania	40.8517983	14.26812
Florence	Tuscany	43.7699685	11.2576706
località San Gaudenzio	Piedmont	44.7802139	9.0168854
Catania	Sicily	37.5078836	15.0830032
Marina di Pisa	Tuscany	43.6723848	10.2754365
Como	Lombardy	45.8063817	9.0851867
Milan	Lombardy	45.468503	9.182402699999999
Prato	Tuscany	43.8777049	11.102228
Genoa	Liguria	44.4071448	8.934738099999999
Lamezia Terme	Calabria	38.974656	16.3183451
San Donà di Piave	Veneto	45.63029820000001	12.5660375
Madonna di Senales	Trentino-South Tyrol	46.7220027	10.860739
Guarene	Piedmont	44.7375672	8.0335805
Gabicce Monte	Marche	43.96402570000001	12.7762121
Manduria	Apulia	40.3979856	17.6378072
Turin	Piedmont	45.0703155	7.6868552
località Santo Janni	Lazio	41.5493956	13.8469874
Mondovì	Piedmont	44.3956154	7.818649
Cortona	Tuscany	43.2750249	11.9854545
Bianzone	Lombardia	46.1871717	10.1082278
Monza	Lombardy	45.5845001	9.2744485
Marne	Lombardy	45.6251914	9.5566047
Cogne	Aosta Valley	45.60831719999999	7.356122800000001
Torrita di Siena	Tuscany	43.16902899999999	11.7755401
Alberobello	Apulia	40.7864993	17.2408813
Perugia	Umbria	43.1107168	12.3908279
Rome	Lazio	41.8967068	12.4822025
Sulmona	Abruzzo	42.0512604	13.9277644
Altissimo	Veneto	45.6147014	11.2508273
Annone Veneto	Veneto	45.7940571	12.6849045
San Giorgio di Valpolicella	Veneto	45.534736	10.8496125
Aversa	Campania	40.9731044	14.2078473
Marina di Casal Velino	Campania	40.1766499	15.1221837
SS 303 verso Rocchetta Sant'Antonio	Puglia	41.0870413	15.4875044
Ruffano	Apulia	39.9830498	18.2489384
Popoli	Abruzzo	42.1714095	13.8321941
Pergine Valsugana	Trentino-South Tyrol	46.06387489999999	11.2422017
Noceto	Emilia-Romagna	44.80932139999999	10.178779
Garda		45.6049385	10.6351414
Vandoies di Sopra	Trentino-South Tyrol	46.8146891	11.743396
Ragusa	Sicily	36.9239306	14.7198951
Maratea	Basilicata	39.998521	15.7183263
Revere	Lombardy	45.0502684	11.1305372
Montegridolfo	Emilia-Romagna	43.8586105	12.6873245
Fiesole	Tuscany	43.8067912	11.2925703
Fiorano Modenese	Emilia-Romagna	44.53845339999999	10.8339023
Venice	Veneto	45.440379	12.3159547
Cesenatico	Emilia-Romagna	44.1994541	12.4011529
Caprino Veronese	Veneto	45.60636050000001	10.7950804
Matera	Basilicata	40.66636010000001	16.6044454
Gragnano	Campania	40.688303	14.5226346
Lucca	Tuscany	43.8430391	10.5156532
Sienna	Tuscany	43.3184741	11.3305812
Asti	Piedmont	44.900765	8.206434999999999
Santarcangelo di Romagna	Emilia-Romagna	44.0637152	12.4525304
Varena	Lombardia	46.0099989	9.2838167
Udine	Friuli-Venezia Giulia	46.0652851	13.2373414
Pizzo	Calabria	38.7336489	16.1612313
Agrigento	Sicily	37.3088381	13.5857818
Soverato	Calabria	38.687333	16.5500558
Palermo	Sicily	38.1156864	13.3614635
Recorfano	Lombardia	45.1038944	10.3444281
Corvara in Badia	Trentino-South Tyrol	46.5475716	11.8754005
Saint-Christophe	Aosta Valley	45.7458883	7.3585955
Sassetta	Toscana	43.1289962	10.6436026
Bologna	Emilia-Romagna	44.494887	11.3426163
Numana	Marche	43.5118923	13.6214094
Brusson	Aosta Valley	45.7581315	7.729476200000001
Terrasini	Sicily	38.15137	13.0829978
Biella	Piedmont	45.56288420000001	8.0583397
sestiere Castello 3499	Veneto	45.4370514	12.3414217
Chiesa in Valmalenco	Lombardia	46.2688908	9.849710499999999
Cassino	Lazio	41.4918944	13.831909
Tarquinia	Lazio	42.2506227	11.7557586
Castel Gandolfo	Lazio	41.7497932	12.6485192
Caldogno	Veneto	45.6107171	11.5009902
Salerno	Campania	40.6813313	14.7743583
Castelfranco Veneto	Veneto	45.6717817	11.9283021
San Vigilio	Trentino-South Tyrol	46.7021384	11.9317771
Novara	Piedmont	45.4467749	8.6168696
Moggiona	Tuscany	43.7834467	11.7918909
Piacenza	Emilia-Romagna	45.0526415	9.6936883
Cortina d'Ampezzo	Veneto	46.5378431	12.1358821
Castelletto sopra Ticino	Piedmont	45.71474329999999	8.645234799999999
Carovigno	Apulia	40.7022514	17.6616293
Conversano	Apulia	40.9675463	17.1170741
Brez	Trentino-South Tyrol	46.4310502	11.1070072
località Viadana	Lombardy	45.3709613	10.3410346
Trapani	Sicily	38.0174282	12.5364464
sestiere San Polo  2202/a	Veneto	45.437565	12.3298437
Bolzano	Trentino-South Tyrol	46.4949259	11.3402543
Montegrosso	Piemonte	44.8199368	8.2359592
Sirolo	Marche	43.5181981	13.6207004
Fabbrico	Emilia-Romagna	44.8710591	10.8061757
Castellammare di Stabia	Campania	40.6981057	14.4880402
Briaglia	Piemonte	44.3956916	7.876116400000001
Brixen	Trentino-South Tyrol	46.7104236	11.6524696
Aosta	Aosta Valley	45.7350508	7.3130948
Villa d'Almè	Lombardy	45.7479935	9.6150902
Ancona	Marche	43.6071395	13.5101741
Busto Arsizio	Lombardy	45.6117563	8.8516777
Porto Cervo	Sardinia	41.1315336	9.535745
Ravenna	Emilia-Romagna	44.418441	12.2034957
Caramanico Terme	Abruzzo	42.1579107	14.0017517
Bergamo	Lombardy	45.6941966	9.6707462
Calestano	Emilia-Romagna	44.6008708	10.1214827
Milano Marittima	Emilia-Romagna	44.2804496	12.3492511
Brescia	Lombardy	45.5415526	10.2118019
Caltignaga	Piedmont	45.5185405	8.589729499999999
Chiusdino	Tuscany	43.154292	11.086234
San Gimignano	Tuscany	43.4672085	11.0434187
Ascoli Piceno	Marche	42.8541038	13.5688164
Campobasso	Molise	41.5602674	14.6617334
Toceno	Piedmont	46.1443449	8.4665913
Cerignola	Apulia	41.2656157	15.8936429
Calvisano	Lombardy	45.3481227	10.3458609
Anacapri	Campania	40.5520861	14.2177508
Torbiato	Lombardia	45.6115068	9.984994799999999
Canelli	Piedmont	44.7195561	8.2862882
Arezzo	Tuscany	43.4633082	11.8796215
Carrù	Piedmont	44.4794728	7.8769661
Pieve San Giacomo	Lombardia	45.1274162	10.1866905
loc. Perno	Piemonte	44.6149715	7.9778168
loc. Montilgallo	Emilia-Romagna	44.07427149999999	12.3544415
Torre di Palme	Marche	43.1411051	13.8086641
Bagheria	Sicily	38.0789178	13.512365
Busca	Piedmont	44.5161936	7.478056199999998
angolo piazza Risorgimento 4	Lombardia	45.4674868	9.210078
Candia Canavese	Piedmont	45.3280918	7.8872502
Gualdo Cattaneo	Umbria	42.9107653	12.5559234
Anghiari	Toscana	43.5401125	12.0521271
Città della Pieve	Umbria	42.9536249	12.0054047
Castel Toblino	Trentino-Alto Adige	46.0547349	10.9672917
Frisanco	Friuli-Venezia Giulia	46.2124898	12.7264489
Rende	Calabria	39.3317741	16.1844986
Quero	Veneto	45.9207295	11.9307558
Terracina	Lazio	41.2903024	13.2488501
Adrara San Martino	Lombardy	45.6995837	9.946337999999999
SP 16/b km 2		41.87194	12.56738
Laigueglia	Liguria	43.9783918	8.1579376
Bassano del Grappa	Veneto	45.7640971	11.7346898
San Donato in Poggio	Toscana	43.5360544	11.2379852
Atrani	Campania	40.6357929	14.6086202
Campogalliano	Emilia-Romagna	44.6917129	10.844234
stazione a monte della funivia Col Margherita	Trentino-Alto Adige	46.3775463	11.8019993
Drena	Trentino-South Tyrol	45.970053	10.9465026
Montecarlo	Tuscany	43.8517242	10.6672067
Roccaraso	Abruzzo	41.8471801	14.0796648
Frascati	Lazio	41.808434	12.6761326
Monticelli d'Ongina	Emilia-Romagna	45.0890929	9.9302728
Marciana Marina	Tuscany	42.8042842	10.1996038
Tavagnacco	Friuli-Venezia Giulia	46.1274647	13.2109516
Marotta	Marche	43.767771	13.1389184
Fagagna	Friuli-Venezia Giulia	46.1131324	13.0844749
Boves	Piedmont	44.32986529999999	7.552238
Mergozzo	Piedmont	45.9617595	8.4446011
località Montinelle	Lombardia	45.55197	10.5611339
località Borgo Grappa	Lazio	41.3914293	12.9475056
Terranova di Pollino	Basilicata	39.9792772	16.2958275
Recco	Liguria	44.36246939999999	9.144402
Pordenone	Friuli-Venezia Giulia	45.9626508	12.6551504
Isola d'Asti	Piedmont	44.8275313	8.1773519
località Marzaglia	Emilia-Romagna	44.6505349	10.8041451
Piobesi d'Alba	Piedmont	44.7343998	7.977478799999999
Mariano del Friuli	Friuli-Venezia Giulia	45.9176487	13.4578222
Marina di Cecina	Tuscany	43.3008257	10.4965683
Grosseto	Tuscany	42.7635468	11.1123865
Pitigliano	Tuscany	42.6342756	11.6704739
Marostica	Veneto	45.7445106	11.6556969
Ponte dell'Olio	Emilia-Romagna	44.8706221	9.643241
Isola Vulcano	Sicily	38.39461319999999	14.970634
San Giovanni in Persiceto	Emilia-Romagna	44.641109	11.1844712
Pacentro	Abruzzo	42.0514326	13.993041
Torbole	Trentino-South Tyrol	45.8778429	10.8908849
Marina di Massa	Tuscany	44.0093274	10.1007261
Marina di Pietrasanta	Tuscany	43.9308567	10.205464
La Morra	Piedmont	44.63897619999999	7.9338239
Cassinetta di Lugagnano	Lombardia	45.42299060000001	8.9066244
Viareggio	Tuscany	43.8657155	10.2500486
Dolegna del Collio	Friuli-Venezia Giulia	46.0314019	13.4793245
Pfalzen	Trentino-Alto Adige	46.8115477	11.8832233
Finale Ligure	Liguria	44.1741579	8.3537927
Loro Ciuffenna	Tuscany	43.5881794	11.627179
Ortigia	Sicily	37.06089780000001	15.2940941
La Spezia	Liguria	44.1024504	9.824082599999999
Pollone	Piedmont	45.5818392	8.0027783
Montoggio	Liguria	44.5141233	9.0445493
Bobbio	Emilia-Romagna	44.7699503	9.3860853
San Vigilio di Marebbe	Trentino-South Tyrol	46.7021384	11.9317771
Palazzolo Acreide	Sicily	37.0616499	14.9044716
Rubbianino	Emilia-Romagna	44.6507409	10.5255995
Cuneo	Piedmont	44.3844766	7.5426711
Merano	Trentino-South Tyrol	46.6711489	11.1525785
Salò	Lombardy	45.60839199999999	10.5104769
Ariano Irpino	Campania	41.1558174	15.0905343
Termoli	Molise	41.99908569999999	14.9903791
Giulianova Lido	Abruzzo	42.7512036	13.9651353
Origgio	Lombardy	45.5983986	9.0149613
Barcuzzi	Lombardy	45.4886517	10.4917437
Vigano	Lombardy	45.7253542	9.3272075
borgo Mercato	Piemonte	44.34800630000001	7.507006199999999
Monticelli Brusati	Lombardia	45.632119	10.089057
loc. Seiano	Campania	40.6567813	14.4221151
Oviglio	Piedmont	44.8607313	8.4853028
località Prà delle Nasse	Trentino-Alto Adige	46.2626183	11.7956963
Pietrasanta	Tuscany	43.9596992	10.2285242
loc. Pietrapiana	Tuscany	43.6968415	11.5297785
Orbetello	Tuscany	42.4405251	11.2144226
Courmayeur	Aosta Valley	45.7908431	6.970942099999999
Fondi	Lazio	41.3557514	13.4292739
località Durna in Selva	Trentino-South Tyrol	46.7684446	12.1793707
Asiago	Veneto	45.8755119	11.5107135
Vercelli	Piedmont	45.3207342	8.4180379
Negrar	Veneto	45.5306247	10.9383326
Miane	Veneto	45.9417728	12.0899497
località Piedicolle	Umbria	42.8953358	12.4033148
sestiere Dorsoduro 366	Veneto	45.4338782	12.323257
Fagnano Olona	Lombardy	45.6684257	8.866774
Dogliani	Piedmont	44.5320498	7.9498122
Roletto	Piemonte	44.9252536	7.3309749
Milazzo	Sicily	38.2209947	15.2415039
Castellina in Chianti	Tuscany	43.4714811	11.2854783
Issengo	Trentino-South Tyrol	46.8157552	11.8618346
Cremona	Lombardy	45.1333135	10.0227044
Marina di San Vito	Abruzzo	42.3054266	14.4500488
Portoscuso	Sardinia	39.2054578	8.3797975
Pinerolo	Piedmont	44.8845906	7.330667599999999
Padenghe sul Garda	Lombardy	45.505939	10.507172
Lezzeno	Lombardy	45.9450777	9.1833911
Senigallia	Marche	43.7197926	13.2152224
Promenade du Port	Sardegna	41.1330898	9.538134500000002
San Vito Chietino	Abruzzo	42.2963538	14.4436075
15		41.87194	12.56738
Modica	Sicily	36.8589716	14.7608405
Fontanafredda	Friuli-Venezia Giulia	45.9723042	12.5705578
Trento	Trentino-South Tyrol	46.0677451	11.1214636
fraz. Molino Isella	Lombardy	45.26518170000001	8.925360399999999
Gavi	Piedmont	44.6882163	8.805599899999999
località Mazzotta		41.87194	12.56738
Pantelleria	Sicily	36.832037	11.9439104
Carloforte	Sardinia	39.14473419999999	8.3037269
Civitavecchia	Lazio	42.09231219999999	11.7955319
Sorisole	Lombardy	45.74459909999999	9.6624268
Viagrande	Sicilia	37.60940009999999	15.0963515
Ferrara	Emilia-Romagna	44.83925	11.6175537
Santa Maria di Sala	Veneto	45.5047057	12.0345597
Nola	Campania	40.9280097	14.5301683
Sarturano	Emilia-Romagna	44.97423920000001	9.508565299999999
Pietra Ligure	Liguria	44.1486909	8.282829
Lecce	Apulia	40.3515255	18.174966
Positano	Campania	40.6294824	14.4823462
Pizzo Calabro	Calabria	38.733664	16.1612356
Taormina	Sicily	37.8545459	15.2889438
Desenzano del Garda	Lombardy	45.46982389999999	10.536538
Stradella	Lombardy	45.0756677	9.307424
Porto Ercole	Tuscany	42.3966573	11.201569
Lancenigo	Veneto	45.7268358	12.2525205
Santa Maria Annunziata	Toscana	43.7320948	11.3056435
Col San Martino	Veneto	45.8943047	12.0857142
Valmontone	Lazio	41.7746888	12.9212582
Pomezia	Lazio	41.6693249	12.5023356
Gattinara	Piedmont	45.6171586	8.370914299999999
Giulianova	Abruzzo	42.7512036	13.9651353
Cioccaro	Piemonte	45.015325	8.2770744
Gallarate	Lombardy	45.6623632	8.7921269
località Col de Soldai	Trentino-Alto Adige	46.2563324	11.810331
Polignano a Mare	Apulia	40.9950486	17.2195682
Marina di Grosseto	Tuscany	42.7151275	10.9848064
Blevio	Lombardy	45.83595469999999	9.1010484
Massa Lubrense	Campania	40.6108903	14.3449936
Lavagna	Liguria	44.30947829999999	9.3444757
Nizza Monferrato	Piedmont	44.7756816	8.3603966
Lignano Sabbiadoro	Friuli-Venezia Giulia	45.6684111	13.103971
Levanto	Liguria	44.16956649999999	9.613706299999999
Chiavari	Liguria	44.3166526	9.3199788
località Farra	Veneto	45.8141836	11.8707156
Quistello	Lombardy	45.0091382	10.9801
Sauris	Friuli-Venezia Giulia	46.4664469	12.7080806
Panzano	Tuscany	43.5442654	11.3154538
Brentonico	Trentino-South Tyrol	45.81853	10.9532032
Torregrotta	Sicily	38.1972894	15.350892
Monfalcone	Friuli-Venezia Giulia	45.8092662	13.5320705
Termini Imerese	Sicily	37.9841066	13.6959242
Sarche di Madruzzo	Trentino-Alto Adige	46.0471114	10.9523964
Follonica	Tuscany	42.9247231	10.7642278
Savogna d'Isonzo	Friuli-Venezia Giulia	45.9027001	13.5722171
località San Giorgio al Tagliamento	Veneto	45.782409	12.976383
Marina del Cantone	Campania	40.5834258	14.3559655
Mortegliano	Friuli-Venezia Giulia	45.944766	13.1724037
Portofino	Liguria	44.3031559	9.2097879
Sanluri	Sardinia	39.5629542	8.8997689
Sellano	Umbria	42.88846909999999	12.9262936
Morrano Nuovo	Umbria	42.7741956	12.1370912
Pontinia	Lazio	41.4085828	13.0441817
Sciacca	Sicily	37.50867530000001	13.0782746
loc. Varvoyes		41.87194	12.56738
Anzola dell'Emilia	Emilia-Romagna	44.5461641	11.1928377
Bagnara Calabra	Calabria	38.28644329999999	15.8025652
Pella	Piedmont	45.8016644	8.385754
Assisi	Umbria	43.070631	12.6196732
San Nicola Manfredi	Campania	41.0720214	14.8242878
Buttrio	Friuli-Venezia Giulia	46.0153937	13.3326718
Lapio	Campania	40.9802943	14.9487361
Codigoro	Emilia-Romagna	44.8315701	12.1099556
Gudon	Trentino-South Tyrol	46.64807039999999	11.6015134
Caserta	Campania	41.0720635	14.3312991
Sant'Antonio Abate	Campania	40.7218566	14.5430176
Ambivere	Lombardy	45.72036900000001	9.5490187
Capri	Campania	40.5532009	14.222154
Lainate	Lombardy	45.5742367	9.027338
Cividale del Friuli	Friuli-Venezia Giulia	46.095896	13.4274865
Coloreto	Emilia-Romagna	44.7692466	10.3765002
Selva Malvezzi	Emilia-Romagna	44.5559231	11.6286717
Barletta	Apulia	41.3196635	16.2838207
Cremolino	Piedmont	44.6366114	8.5864807
Baldichieri d'Asti	Piedmont	44.9054459	8.0907067
Cavaion Veronese	Veneto	45.5401399	10.7748784
Malnate	Lombardy	45.797152	8.882736099999999
Civitella Casanova	Abruzzo	42.3640553	13.886627
Poggibonsi	Tuscany	43.4728358	11.1467374
Sant' Agnello	Campania	40.62964400000001	14.3951136
Barbaresco	Piedmont	44.7253961	8.080743499999999
Porcia	Friuli-Venezia Giulia	45.9603256	12.6136783
Ravarino	Emilia-Romagna	44.7231792	11.1018432
Civitella del Tronto	Abruzzo	42.7734026	13.6702802
Conca dei Marini	Campania	40.6163236	14.5753912
Baveno	Piedmont	45.9100105	8.5052456
5		41.87194	12.56738
Borgo Vercelli	Piedmont	45.3578227	8.466491
Troia	Apulia	41.36359119999999	15.3134682
Cavour	Piedmont	44.7906407	7.3752557
Bagno di Romagna	Emilia-Romagna	43.8365227	11.9600316
Borgonovo Val Tidone	Emilia-Romagna	45.0142494	9.4469947
Sassari	Sardinia	40.7258034	8.5557334
Empoli	Tuscany	43.7178972	10.9479081
Caprarola	Lazio	42.3236181	12.2430942
Recanati	Marche	43.4022701	13.5538894
Ceglie Messapica	Apulia	40.64432740000001	17.517997
contrada Raviola	Campania	40.8661237	14.7728334
Mese	Lombardy	46.30513510000001	9.3811536
Treviso	Veneto	45.6669338	12.2430608
località Torre del Colle	Umbria	42.944679	12.5762788
Abano Terme	Veneto	45.3621359	11.7902354
Scala	Campania	40.6555052	14.6088095
300		41.87194	12.56738
Macchie	Umbria	43.0563562	12.0757964
Modena	Emilia-Romagna	44.647128	10.9252269
Minervino di Lecce	Apulia	40.0910419	18.4203263
sestiere Dorsoduro 19	Veneto	45.4359735	12.32395
Lucera	Apulia	41.5087874	15.3340833
Albignasego	Veneto	45.3467535	11.8677677
Castelnuovo Berardenga	Tuscany	43.3444193	11.4988075
Castel Giorgio	Umbria	42.7079274	11.9793865
Lughetto	Veneto	45.3829166	12.1294366
Furore	Campania	40.6185726	14.5509614
Riva del Garda	Trentino-South Tyrol	45.8893165	10.8431111
Godia	Friuli-Venezia Giulia	46.1013119	13.2648289
Barate	Lombardia	45.3841474	9.0391468
Santa Reparata	Sardegna	41.2269243	9.1691413
Gaiole in Chianti	Tuscany	43.4674997	11.4342716
località Curina		41.87194	12.56738
Paestum	Campania	40.4269855	15.0050404
Pozza di Fassa	Trentino-South Tyrol	46.4301799	11.685807
Loc. Mongardino Grotta	Emilia-Romagna	44.4176182	11.211119
località Entrà	Emilia-Romagna	44.831685	11.1875066
San Giuliano Milanese	Lombardy	45.3934658	9.2856249
Minervino Murge	Apulia	41.0859578	16.0773508
Moniga del Garda	Lombardy	45.5287015	10.538322
Limone Piemonte	Piedmont	44.2018084	7.5767373
Oneglia	Liguria	43.893036	8.045430999999999
Castiglione delle Stiviere	Lombardy	45.3883944	10.4819239
San Marzano Oliveto	Piedmont	44.7532769	8.295999
Suna	Piemonte	45.9309209	8.540309299999999
Pesaro	Marche	43.9111365	12.9114045
Sappada	Friuli-Venezia Giulia	46.5660476	12.6859531
località Sarmeola	Veneto	45.4220727	11.8106367
Montebenichi	Toscana	43.4043594	11.5451099
Telese	Campania	41.2163745	14.5269627
Pozzolengo	Lombardia	45.4035444	10.6294277
Moena	Trentino-South Tyrol	46.37669469999999	11.6599965
sestiere San Marco 4346/a	Veneto	45.4341499	12.3320092
Clusane d'Iseo	Lombardy	45.66220450000001	10.0000327
Polesine Parmense	Emilia-Romagna	45.0200275	10.0880438
Dossobuono	Veneto	45.3936669	10.9142396
contrada San Vincenzo	Toscana	43.0987731	10.5390444
Spoleto	Umbria	42.7404881	12.7378003
località Rio San Martino	Veneto	45.5920792	12.1120362
Galliate	Piemonte	45.4785452	8.693381
Montà	Piedmont	44.812661	7.9607942
Santa Vittoria d'Alba	Piemonte	44.6988366	7.932175999999998
Putignano	Apulia	40.85450489999999	17.1204066
Orbassano	Piedmont	45.0057864	7.535366199999999
Monfumo	Veneto	45.8281101	11.9224607
Fano	Marche	43.8424875	13.0136891
Norcia	Umbria	42.791923	13.0947797
Pizzighettone	Lombardia	45.1856033	9.7913306
Monforte d'Alba	Piedmont	44.5829213	7.967941
Marina di Pulsano	Puglia	40.3494142	17.3750685
Spilimbergo	Friuli-Venezia Giulia	46.1113242	12.8983218
Licata	Sicily	37.1016735	13.937602
Masio	Piemonte	44.8695921	8.4081349
Pieve di Cento	Emilia-Romagna	44.7149051	11.3040337
Isera	Trentino-South Tyrol	45.8852977	11.0091965
Ranco	Lombardy	45.7975384	8.5711515
Domodossola	Piedmont	46.1147418	8.290948799999999
Lipari	Sicily	38.4936623	14.9272044
sestiere Castello 5527	Veneto	45.4370514	12.3414217
località Ponte di Ferro	Campania	40.8860921	14.3944678
Val Liona	Veneto	45.3984295	11.4607369
Sant'Omobono Terme	Lombardy	45.813234	9.5337187
Villandro	Trentino-South Tyrol	46.6313653	11.5393615
San Miniato	Tuscany	43.6829641	10.8551196
loc. Montagna in Valtellina	Lombardy	46.1785803	9.8990267
strada per Dueville	Veneto	45.6397301	11.5513323
San Severo	Apulia	41.6849729	15.3791848
Induno Olona	Lombardy	45.8480256	8.8393719
Fiera di Primiero	Trentino-South Tyrol	46.1757686	11.8283805
Rimini	Emilia-Romagna	44.0565776	12.5713325
San Mauro a Mare	Emilia-Romagna	44.1636308	12.445223
Spirano	Lombardy	45.5818324	9.670548799999999
Sansepolcro	Tuscany	43.5725642	12.1381166
Tricesimo	Friuli-Venezia Giulia	46.1618566	13.2107094
Suvereto	Tuscany	43.0766484	10.6783748
Santa Marina Salina	Sicily	38.55921379999999	14.8715681
Forte dei Marmi	Tuscany	43.9580563	10.1674477
Loreto	Marche	43.43857209999999	13.6160653
Pescara	Abruzzo	42.4617624	14.2160321
Cermes	Trentino-South Tyrol	46.633965	11.1448335
San Bartolomeo al Mare	Liguria	43.9219078	8.1032481
Chioggia	Veneto	45.2190746	12.2786505
Vernante	Piedmont	44.2431695	7.5341881
loc. Tre Stelle	Piedmont	44.705087	8.0809632
Bra	Piedmont	44.69230530000001	7.855086000000001
Pinzolo	Trentino-South Tyrol	46.1597717	10.7651024
Calamandrana	Piedmont	44.7367404	8.336407600000001
Alassio	Liguria	44.0037826	8.1653627
Fiumicino	Lazio	41.7735409	12.2397117
sulla SP 34	Lazio	42.2261894	12.9409854
Mariano Comense	Lombardy	45.6983276	9.1770665
Borgonato	Lombardia	45.62078169999999	10.0179131
Borgomanero	Piedmont	45.6988623	8.4622925
Celle Ligure	Liguria	44.3425442	8.5450705
Bellagio	Lombardy	45.9772675	9.262537499999999
Cava de' Tirreni	Campania	40.7037848	14.7039581
Olgiate Olona	Lombardy	45.63278649999999	8.884968200000001
località Casonetto	Veneto	45.8111873	11.9091867
Baia Sardinia	Sardinia	41.1402366	9.476297599999999
località Villa a Sesta	Tuscany	43.3842614	11.4785416
Castelbuono	Sicily	37.9321128	14.0887139
Venosa	Basilicata	40.9607672	15.815423
Alessandria	Piedmont	44.9072727	8.6116796
Arco	Trentino-South Tyrol	45.9180235	10.8860199
Pisa	Tuscany	43.72283849999999	10.4017581
Tavernerio	Lombardy	45.8005487	9.1507576
Carpaneto Piacentino	Emilia-Romagna	44.91369290000001	9.7881556
località San Leucio	Campania	41.074783	14.7574903
Vico Equense	Campania	40.6624141	14.4264646
Bordighera	Liguria	43.7796022	7.670155899999998
Castelletto di Brenzone	Veneto	45.6865805	10.7495339
Carnello	Lazio	41.6871218	13.6064008
Castelbianco	Liguria	44.1131077	8.074649899999999
Stresa	Piedmont	45.8882205	8.5257951
Sala Baganza	Emilia-Romagna	44.7157867	10.2317329
Toblach	Trentino-Alto Adige	46.7355741	12.2212221
Capoterra	Sardinia	39.178883	8.970955499999999
località Maragno		41.87194	12.56738
Cernobbio	Lombardy	45.8403418	9.075353
Spinetta Marengo	Piedmont	44.88248249999999	8.682054899999999
Vodo di Cadore	Veneto	46.4194331	12.2472596
Badalucco	Liguria	43.915924	7.847741699999999
Pieve Ligure	Liguria	44.3742364	9.085244800000002
Moretta	Piedmont	44.7629928	7.536947499999999
Castelnovo di Sotto	Emilia-Romagna	44.8113655	10.5635548
Albenga	Liguria	44.0490873	8.215266699999999
Praiano	Campania	40.6117319	14.5335099
Cardano	Trentino-Alto Adige	46.49327	11.3925923
Gaeta	Lazio	41.2106842	13.5704358
Brenzone sul Garda	Veneto	45.7090716	10.7677926
frazione Castel Ratti	Piedmont	44.722881	8.9495998
Almenno San Bartolomeo	Lombardy	45.7409119	9.580962999999999
Coriano Veronese	Veneto	45.4383659	10.9917136
Offanengo	Lombardy	45.3794292	9.7423659
Capolona	Tuscany	43.5653032	11.8591239
Umbertide	Umbria	43.3064268	12.32869
sestiere Castello 3303	Veneto	45.4370514	12.3414217
56/60		41.87194	12.56738
San Quirico d'Orcia	Tuscany	43.0580637	11.6070233
località Brufa	Umbria	43.0588811	12.4733021
Brusaporto	Lombardy	45.67082610000001	9.761609199999999
Chiaramonte Gulfi	Sicily	37.0317966	14.7023276
Cervere	Piedmont	44.6361892	7.789558800000001
Altomonte	Calabria	39.69848169999999	16.1289488
Clusone	Lombardy	45.8898699	9.9450674
Pralboino	Lombardia	45.2671462	10.2183549
Brindisi	Apulia	40.6327732	17.9418724
Pontassieve	Tuscany	43.7746712	11.440514
località San Nicolò	Emilia-Romagna	45.0521767	9.608184399999999
Albarè di Costermano	Veneto	45.5713111	10.7569526
Carona	Lombardy	46.021592	9.7855186
Soragna	Emilia-Romagna	44.9286446	10.121868
Civitanova Marche	Marche	43.3071211	13.7282419
Cologne	Lombardy	45.5817764	9.9433086
San Polo di Piave	Veneto	45.7900863	12.3946532
Palaia	Tuscany	43.6054381	10.7755176
Casanova di Terricciola	Tuscany	43.5450616	10.6861892
località Capo Miseno	Campania	40.7846747	14.0863392
Marano di Valpolicella	Veneto	45.5566179	10.9161206
Dolcedo	Liguria	43.9068619	7.953037800000001
Bellinzago Lombardo	Lombardy	45.5387677	9.447911500000002
località Tiboldi	Piemonte	44.516449	8.4034469
Andria	Apulia	41.226687	16.2980507
Carsoli	Abruzzo	42.0989771	13.0861505
Castiglione del Lago	Umbria	43.12645759999999	12.047941
Cavallino	Apulia	40.3110134	18.2013692
Vignola	Emilia-Romagna	44.4780791	11.0079796
Canale d'Agordo	Veneto	46.3591233	11.914404
Verbania	Piedmont	45.9282422	8.5553058
località Fibbianello	Toscana	42.7026579	11.5306016
Dosson	Veneto	45.6365281	12.2552843
Santa Maria della Versa	Lombardy	44.9870717	9.3005587
località Porticino	Liguria	44.3031559	9.2097879
loc. Liscia di Vacca	Sardegna	41.1357649	9.5152077
San Piero in Bagno	Emilia-Romagna	43.8573039	11.9790343
San Fermo della Battaglia	Lombardy	45.80742730000001	9.0507903
2		41.87194	12.56738
Cavernago	Lombardy	45.6248356	9.762600599999999
Contrada Camerale di Tossiccia	Abruzzo	42.5574491	13.6418791
località Montenero d'Orcia	Tuscany	42.9447565	11.4737969
Brione	Lombardia	45.6385842	10.1497624
Foggia	Apulia	41.4623132	15.5447402
Castellammare del Golfo	Sicily	38.0264765	12.8811764
Trevinano	Lazio	42.8229948	11.8734976
Volterra	Tuscany	43.40425520000001	10.8550011
Borgoricco	Veneto	45.5328125	11.9684973
Collebeato	Lombardy	45.58396399999999	10.2136365
Bari	Apulia	41.1171432	16.8718715
Oltressenda Alta	Lombardy	45.915139	9.9455336
località Lu Fraili di Sotto	Sardegna	40.8186884	9.6715521
Bagnolo in Piano	Emilia-Romagna	44.76225520000001	10.6734975
Cartosio	Piedmont	44.5919376	8.4200096
Almè	Lombardia	45.7397649	9.6124951
Sandrigo	Veneto	45.6593077	11.6029498
Lucarelli	Tuscany	43.5182335	11.3115548
Canazei	Trentino-Alto Adige	46.47666599999999	11.7705828
Follina	Veneto	45.9531663	12.118172
frazione Tret	Trentino-South Tyrol	46.4787124	11.1380654
Mestre	Veneto	45.4934881	12.2463181
Ponte di Rialto	Veneto	45.4379842	12.335898
Nova Levante	Trentino-Alto Adige	46.4307732	11.5420168
Ponza	Lazio	40.9108657	12.9579459
Campagnola Cremasca	Lombardy	45.39795669999999	9.669263899999999
Brennero	Trentino-Alto Adige	47.0006594	11.5035958
Forio	Campania	40.7361255	13.8651344
Moltrasio	Lombardy	45.86284130000001	9.0983073
San Benedetto del Tronto	Marche	42.9430346	13.8838136
San Marzano di San Giuseppe	Apulia	40.4507202	17.5079239
Caiolo	Lombardy	46.15076579999999	9.818557
700		41.87194	12.56738
San Polo d'Enza	Emilia-Romagna	44.6258719	10.4221736
Marina di Ragusa	Sicily	36.7834487	14.5520266
angolo via Fiumara 2	Sicilia	37.8795711	15.3038792
Cavi di Lavagna	Liguria	44.2923026	9.3751106
Bolzone	Lombardia	45.3336576	9.661459299999999
San Severino Marche	Marche	43.2299335	13.1801076
Montefalco	Umbria	42.8876844	12.6507788
Riola Sardo	Sardinia	39.9952066	8.539572999999999
Pieve di Coriano	Lombardy	45.03344250000001	11.1069858
Casteggio	Lombardy	45.0160324	9.1285657
Zafferana Etnea	Sicily	37.6917721	15.1041151
Archi	Abruzzo	42.08892489999999	14.3813449
Puos d'Alpago	Veneto	46.1398438	12.3607903
Otranto	Apulia	40.1441077	18.4912117
San Michele	Veneto	45.4464474	12.3468539
Mules		41.87194	12.56738
Gaione	Emilia-Romagna	44.75911190000001	10.292223
fraz. Scalvino	Lombardy	45.928985	9.6676661
Laveno	Lombardy	45.9014038	8.6257066
ang. via Piemonte 23	Piemonte	45.3669829	7.615304
Treiso	Piemonte	44.6891592	8.0869439
Soriso	Piemonte	45.7414368	8.410474899999999
loc. Ponte di Serravalle	Tuscany	43.8954884	10.8218679
Toscolano-Maderno	Lombardy	45.6368065	10.6051948
Senago	Lombardy	45.57638679999999	9.1261241
Delebio	Lombardia	46.1375506	9.4585359
Alghero	Sardinia	40.5582971	8.319106999999999
Finalborgo	Liguria	44.1743048	8.3294959
località Plois alt. 870	Veneto	46.1735669	12.3592705
San Casciano dei Bagni	Toscana	42.8678287	11.8775215
Pozzolo Formigaro	Piedmont	44.7944001	8.784021
Savona	Liguria	44.3034046	8.4743315
Montefiorino	Emilia-Romagna	44.3570268	10.6220558
Trieste	Friuli-Venezia Giulia	45.65083420000001	13.7674486
Carrara	Tuscany	44.069655	10.0824161
Eboli	Campania	40.6153626	15.0584028
Grottammare	Marche	42.98559110000001	13.868349
284		41.87194	12.56738
Fossò	Veneto	45.3856474	12.0484134
Ponte	Campania	41.2152521	14.698992
Feltre	Veneto	46.0208375	11.8999361
Apricena	Apulia	41.7851686	15.4445937
Isola dei Pescatori	Piedmont	45.90134279999999	8.519848999999999
Montopoli in Val d'Arno	Toscana	43.6765113	10.7382568
Rovato	Lombardy	45.5684333	9.9998065
Chies d'Alpago	Veneto	46.1654756	12.392961
Rho	Lombardy	45.5326439	9.0396439
Trani	Apulia	41.2765531	16.4198864
Ischia	Campania	40.7270164	13.9028656
Pompei	Campania	40.7496576	14.5053119
Magliano Alfieri	Piedmont	44.7672044	8.068823799999999
Ravello	Campania	40.6515802	14.6140606
Colle	Friuli-Venezia Giulia	46.1660761	12.8086984
Porto San Giorgio	Marche	43.1801957	13.7931002
Chieri	Piedmont	45.013725	7.8231364
900		41.87194	12.56738
località Vallese	Veneto	45.3280562	11.0817438
Lido di Savio	Emilia-Romagna	44.30440180000001	12.343524
Esine	Lombardy	45.9256174	10.2493838
Olbia	Sardinia	40.9236401	9.4964224
Brusciano	Campania	40.9209903	14.4243606
Cefalu	Sicily	38.0349976	14.021222
Monsummano Terme	Tuscany	43.8691886	10.8145646
Porto San Paolo	Sardegna	40.8754267	9.629023799999999
Poggiridenti	Lombardy	46.173549	9.929308299999999
Carpi	Emilia-Romagna	44.7839179	10.8797139
San Casciano in Val di Pesa	Tuscany	43.65834359999999	11.1884084
Sestri Ponente	Liguria	44.4276588	8.8528164
Trebaseleghe	Veneto	45.5915693	12.0512021
località Struppa	Liguria	44.4504253	9.010129899999999
Roseto degli Abruzzi	Abruzzo	42.6785194	14.0135877
Palazzo San Gervasio	Basilicata	40.93083439999999	15.9805135
Oliena	Sardinia	40.2763402	9.402088599999999
Vieste	Apulia	41.8818815	16.1733917
Giarre	Sicily	37.72698510000001	15.1842151
località Lucrino		41.87194	12.56738
Macerata	Marche	43.2984479	13.4556559
Este	Veneto	45.2290261	11.6566254
Terni	Umbria	42.5604522	12.6470618
località San Tomio	Veneto	45.28834459999999	11.2733297
Algund	Trentino-South Tyrol	46.68302	11.1229498
Livigno	Lombardy	46.5381881	10.1374918
Glorenza	Trentino-South Tyrol	46.6706	10.5529306
Oggiono	Lombardy	45.787223	9.3463661
Monterosso al Mare	Liguria	44.1451854	9.646379399999999
Noto	Sicily	36.8924433	15.0651945
sestiere Cannaregio 3628	Veneto	45.4437795	12.334896
Castagnito d'Alba	Piedmont	44.7541143	8.0318951
San Quirino	Friuli-Venezia Giulia	46.0326362	12.6762483
Porto Rotondo	Sardinia	41.0307052	9.5465468
Badia	Trentino-South Tyrol	46.6092482	11.8946187
Tropea	Calabria	38.67697760000001	15.8973788
Pollenzo	Piedmont	44.6867594	7.896057300000001
Rubiera	Emilia-Romagna	44.65441819999999	10.7810367
20 - Colla Micheri	Liguria	43.9689927	8.1553651
Sarentino	Trentino-South Tyrol	46.6427009	11.3572951
Grazie	Lombardy	45.15448079999999	10.6951221
Vello	Lombardia	45.7543604	10.0823995
San Salvo Marina	Abruzzo	42.0720025	14.7652204
Mantua	Lombardy	45.1563425	10.7914387
Lacco Ameno	Campania	40.7502875	13.8903541
Rognano	Lombardy	45.2885374	9.0893734
Montone	Umbria	43.3623899	12.3273912
Padua	Veneto	45.4105029	11.8782071
Lesa	Piedmont	45.8241629	8.5602412
Montemarciano	Marche	43.6396585	13.3095003
Monopoli	Apulia	40.9525166	17.2985559
Pudiano	Lombardia	45.3992063	10.0101717
Tigliole	Piedmont	44.88677089999999	8.0752823
San Maurizio Canavese	Piemonte	45.2178256	7.634217799999999
Ostuni	Apulia	40.7296828	17.5771782
Ossana	Trentino-South Tyrol	46.3070135	10.737311
Ne	Liguria	44.3549765	9.3904975
Mosciano Sant'Angelo	Abruzzo	42.7482054	13.8882869
località Ficogrande	Sicilia	38.8062483	15.2386796
San Giorgio della Richinvelda	Friuli-Venezia Giulia	46.04644870000001	12.8690665
Crispiano	Apulia	40.6055583	17.2288771
Lampedusa	Sicily	35.5086218	12.59292
Parma	Emilia-Romagna	44.8014788	10.3279911
Valmadrera	Lombardy	45.84679060000001	9.3613299
Palau	Sardinia	41.1823779	9.3810541
località Mola	Toscana	42.7610055	10.385936
Palazzolo sull'Oglio	Lombardy	45.5958996	9.8860697
Fara Filiorum Petri	Abruzzo	42.2473222	14.1842514
località Villa di Salò	Lombardy	45.60839199999999	10.5104769
sestiere Castello 3886	Veneto	45.4370514	12.3414217
Lido di Camaiore	Tuscany	43.9057635	10.2271503
località Mazzano	Lombardy	45.5188925	10.3547624
Levizzano Rangone	Emilia-Romagna	44.4832496	10.91083
Traversella	Piedmont	45.5091672	7.750406000000001
Quarto d'Altino	Veneto	45.5808253	12.3707315
sestiere San Marco	Veneto	45.4341499	12.3320092
Priocca	Piedmont	44.7854067	8.0625449
Revigliasco	Piemonte	45.0200685	7.733853099999998
Manciano	Tuscany	42.5882458	11.5193711
Orta San Giulio	Piedmont	45.7965387	8.416948699999999
Villa San Giovanni	Calabria	38.2123062	15.6371722
Pastrengo	Veneto	45.4922202	10.7997042
Galluzzo	Toscana	43.7384547	11.223636
Massa	Tuscany	44.035489	10.1395361
Cervia	Emilia-Romagna	44.2611298	12.3453001
San Bonifacio	Veneto	45.4005247	11.2785197
Malcesine	Veneto	45.7640092	10.810057
San Vito lo Capo	Sicily	38.1759419	12.7335733
Crema	Lombardy	45.3643538	9.682426999999999
Castelfranco Emilia	Emilia-Romagna	44.5951228	11.0523261
Mantello	Lombardy	46.1513837	9.4857737
Lesina	Apulia	41.8627993	15.3531516
Torre del Greco	Campania	40.7893347	14.3674804
Palmi	Calabria	38.3575832	15.843886
Paradiso di Pocenia	Friuli-Venezia Giulia	45.8686295	13.1455843
Somma Lombardo	Lombardy	45.682787	8.7104888
Ravalle	Emilia-Romagna	44.9271284	11.5127316
Marano Lagunare	Friuli-Venezia Giulia	45.7650819	13.1676148
Mirano	Veneto	45.4911263	12.116217
Postal	Trentino-South Tyrol	46.6097341	11.1923601
Madonna di Campiglio	Trentino-Alto Adige	46.2302584	10.826401
Osio Sotto	Lombardy	45.6202861	9.584221000000001
Corrubbio	Veneto	45.4874039	10.904904
Sestri Levante	Liguria	44.2726936	9.4094511
km 1		41.87194	12.56738
Asola	Lombardy	45.2209079	10.4159001
San Zeno di Montagna	Veneto	45.631088	10.7233906
Crandola Valsassina	Lombardy	46.0225702	9.3788887
Romano d'Ezzelino	Veneto	45.7962443	11.758273
Novafeltria	Emilia-Romagna	43.8949192	12.2887765
Montepagano	Abruzzo	42.6786964	13.9895925
Galeata	Emilia-Romagna	43.9981346	11.9115145
Salsomaggiore Terme	Emilia-Romagna	44.8162208	9.9786257
Revine	Veneto	46.0000242	12.256792
frazione San Carlo	Emilia-Romagna	44.0921416	12.1928021
località Spisone	Sicilia	37.8610417	15.2959233
Riomaggiore	Liguria	44.1001801	9.7376008
San Vincenzo	Tuscany	43.0987916	10.5390583
Malfa	Sicily	38.5785105	14.8363378
Barbian	Trentino-Alto Adige	46.6038108	11.5205337
Boccadasse	Liguria	44.3916153	8.9762948
Orvieto	Umbria	42.7185068	12.1107446
Saint-Vincent	Aosta Valley	45.7517108	7.6415008
Casaglia	Tuscany	43.3506455	10.6629774
Quarto	Campania	40.8785023	14.1453594
località Peseggia di Scorzè	Veneto	45.5624106	12.1853525
località Belvedere Fornillo	Tuscany	43.4104405	11.16032
Montemerano	Tuscany	42.6219504	11.4889934
loc. Mottinello Nuovo	Veneto	45.688963	11.8046659
Vairano Patenora	Campania	41.3359912	14.126901
Gaibana	Emilia-Romagna	44.7527698	11.6551241
sestiere Castello 3968	Veneto	45.4370514	12.3414217
Mornago	Lombardy	45.7468047	8.7538318
Fidenza	Emilia-Romagna	44.8649666	10.0618418
Lavello	Basilicata	41.0460439	15.7941154
Brunico	Trentino-South Tyrol	46.7965374	11.9381326
Loano	Liguria	44.1261565	8.2558714
Pisciotta	Campania	40.1089413	15.2337292
Finale Emilia	Emilia-Romagna	44.8322384	11.2912432
Capolago	Lombardia	45.7938064	8.8075273
Castelvetro di Modena	Emilia-Romagna	44.50436089999999	10.9440345
Cannaregio	Veneto	45.4439966	12.3285677
Villa Zarri	Emilia-Romagna	44.5601257	11.3542557
Sclafani Bagni	Sicilia	37.8216018	13.8545871
angolo corso Cavour		41.87194	12.56738
Sernaglia della Battaglia	Veneto	45.87270669999999	12.131844
Montalcino	Tuscany	43.0551134	11.4891562
Sant'Anna	Tuscany	43.9747017	10.2731578
Velo Veronese	Veneto	45.6066679	11.0960184
località Santa Lucia di Tarù	Lazio	41.9934526	12.6589431
Borgo Prino	Emilia-Romagna	44.143342	11.0441303
Marzocca	Marche	43.6763504	13.2890429
sestiere di Castello 5911	Veneto	45.4370514	12.3414217
località Sirmiano Sopra	Trentino-South Tyrol	46.53657490000001	11.1919387
Mutignano	Abruzzo	42.5893197	14.0380303
Riva di Solto	Lombardy	45.7748523	10.039862
Ladispoli	Lazio	41.9489659	12.0783697
Seregno	Lombardy	45.6500736	9.2086004
Garbagnate Milanese	Lombardy	45.5760975	9.0803186
Pineto	Abruzzo	42.6090025	14.0666058
frazione Cressogno	Lombardia	46.0245621	9.0727525
Messina	Sicily	38.1937342	15.5542088
Rablà	Trentino-South Tyrol	46.6714499	11.0624031
Tavarnelle Val di Pesa	Tuscany	43.5533291	11.2183781
località Barbuzzera	Lombardy	45.3821338	9.524807599999999
Vedole	Emilia-Romagna	44.9231889	10.3585282
Ardenza	Toscana	43.51703060000001	10.3207421
Forlì	Emilia-Romagna	44.222008	12.0408666
San Felice del Benaco	Lombardy	45.5848191	10.5482067
Cercemaggiore	Molise	41.4614668	14.7241568
località Carruba di Riposto	Sicilia	37.6899009	15.1905769
sestiere Castello 4171	Veneto	45.4370514	12.3414217
Chiusi	Tuscany	43.0155536	11.9462371
Monte Sant'Angelo	Apulia	41.7064781	15.9598003
Lallio	Lombardy	45.664807	9.6294455
San Leone	Sicilia	37.263345	13.5870802
loc. Pinzago	Trentino-South Tyrol	46.7075176	11.6390488
Manfredonia	Apulia	41.6299852	15.9173139
Gussago	Lombardy	45.58706160000001	10.1535501
Linguaglossa	Sicily	37.842689	15.1418919
Chieti	Abruzzo	42.3479367	14.1636412
Legnano	Lombardy	45.5968635	8.9181507
località Marina di Pisciotta	Campania	40.1050409	15.2288388
Maglie	Apulia	40.117872	18.298862
Serralunga d'Alba	Piemonte	44.6095401	8.000267599999999
Lerici	Liguria	44.0755506	9.9169799
località Marcemigo	Veneto	45.5187163	11.1596389
Barco	Emilia-Romagna	44.68554049999999	10.4909104
Céres	Piedmont	45.3137209	7.388651399999999
Forno di Zoldo	Veneto	46.3459419	12.1764254
Urbino	Marche	43.726375	12.6362563
Isola Sant'Antonio	Piedmont	45.0289334	8.8498883
Grinzane Cavour	Piedmont	44.6535671	7.9923422
Marzamemi	Sicily	36.7420487	15.1175207
Limito	Lombardy	45.4829255	9.334503999999999
sestiere Castello 4509	Veneto	45.4370514	12.3414217
Sorico	Lombardy	46.17228180000001	9.3801788
Montemagno	Piemonte	44.9821797	8.323332599999999
località Piano	Puglia	41.9214358	15.8363687
Quarona	Piedmont	45.7616709	8.2685657
Piadena	Lombardia	45.1303051	10.3667139
Vicopisano	Tuscany	43.6831995	10.5756037
Montemonaco	Marche	42.8987208	13.3306875
Imperia	Liguria	43.8897316	8.0393482
Faenza	Emilia-Romagna	44.2923321	11.8667765
Selva di Val Gardena	Trentino-Alto Adige	46.55596509999999	11.7558589
Olivola	Piemonte	45.03636520000001	8.3678329
Santa Maria Maggiore	Piedmont	46.13388	8.4594798
Grezzana	Veneto	45.5202806	11.016734
Noli	Liguria	44.20685870000001	8.4148879
Monselice	Veneto	45.23910290000001	11.74971
sestiere Castello 4196	Veneto	45.4370514	12.3414217
Madesimo	Lombardy	46.4366567	9.358052299999999
loc. Sarmeola	Veneto	45.4220727	11.8106367
Settequerce	Trentino-South Tyrol	46.51140470000001	11.2661069
Fasano del Garda	Lombardia	45.6236683	10.5716056
località Capuccina	Toscana	43.4777091	11.0243478
Fossombrone	Marche	43.6896904	12.8109979
Agnone	Molise	41.8086342	14.3740682
400 - regione Li Lioni	Sardinia	40.8066536	8.4305886
Valledoria	Sardegna	40.9287593	8.8251787
Savelletri	Puglia	40.8754764	17.4069437
Cetona	Tuscany	42.966838	11.9025644
Sorni	Trentino-South Tyrol	46.1744063	11.1236373
Trecchina	Basilicata	40.0261551	15.7776982
sestiere  Castello 5801	Veneto	45.4370514	12.3414217
Saint Lorenzen	Trentino-South Tyrol	46.7830469	11.9023314
Grottaferrata	Lazio	41.7890829	12.6697243
Olevano Romano	Lazio	41.8598557	13.0315677
Longiano	Emilia-Romagna	44.07443780000001	12.3269211
Montaldo Scarampi	Piedmont	44.8287735	8.2574066
Foiana	Trentino-Alto Adige	46.58803899999999	11.1465025
Pagazzano	Lombardia	45.5323742	9.671629099999999
Valdieri	Piedmont	44.2774016	7.396672799999998
Somma Vesuviana	Campania	40.8728178	14.4377087
Lama Mocogno	Emilia-Romagna	44.30725289999999	10.7318611
Sirmione	Lombardy	45.4650403	10.6067412
San Giustino Valdarno	Tuscany	43.55212359999999	11.7048733
Rivergaro	Emilia-Romagna	44.9114969	9.5978795
località Balignano	Emilia-Romagna	44.0868408	12.3409225
Cusago	Lombardy	45.4486215	9.0371899
Gardone Riviera	Lombardy	45.623397	10.5636497
Varese	Lombardy	45.8182892	8.8252083
Albairate	Lombardy	45.4221851	8.9356177
San Remo	Liguria	43.81596709999999	7.7760567
Pontelongo	Veneto	45.2427951	12.0236356
Pedraces	Trentino-South Tyrol	46.6158218	11.8936569
Pescocostanzo	Abruzzo	41.8902076	14.0656002
Imola	Emilia-Romagna	44.3513048	11.7129264
Sizzano	Piedmont	45.5754365	8.435911299999999
Menfi	Sicily	37.6041498	12.9670864
Rapallo	Liguria	44.3506064	9.2308589
Augusta	Sicily	37.2500684	15.2216971
Saturnia	Tuscany	42.66323269999999	11.5042774
Montepulciano	Tuscany	43.0984902	11.7873736
Manerba del Garda	Lombardy	45.5605283	10.5606814
Ortisei	Trentino-South Tyrol	46.5753618	11.6702281
Peschici	Apulia	41.9460407	16.0138095
Cetara	Campania	40.6477459	14.700764
località Canezza di Pergine	Trentino-Alto Adige	46.0782739	11.2769764
Illasi	Veneto	45.4679787	11.1801905
Rivisondoli	Abruzzo	41.8726422	14.0675106
loc. Sesto di Moriano	Toscana	43.9176177	10.526329
Treia	Marche	43.311256	13.3124511
Pallanza	Piedmont	45.9258794	8.549917899999999
Sasso Marconi	Emilia-Romagna	44.3987165	11.2480613
Limone sul Garda	Lombardy	45.8077253	10.7880304
Viceno	Piedmont	46.232795	8.307133199999999
Greve in Chianti	Tuscany	43.5830644	11.3186815
Ospedaletto d'Alpinolo	Campania	40.9393842	14.7431023
Ruda	Friuli-Venezia Giulia	45.8381438	13.402031
Alserio	Lombardy	45.78085189999999	9.199703
Venaria Reale	Piedmont	45.1301887	7.631197599999999
Capannori	Tuscany	43.8460411	10.5737909
Appignano	Marche	43.3632547	13.3467442
Moirago	Lombardia	45.3695439	9.1369174
Passignano	Umbria	43.18743750000001	12.1344807
Spoltore	Abruzzo	42.4550072	14.1366599
Crotone	Calabria	39.0807848	17.127163
Seggiano	Tuscany	42.9286195	11.5605053
alt. 2235		41.87194	12.56738
Casale Monferrato	Piedmont	45.1349543	8.4506398
Varenna	Lombardia	46.0099989	9.2838167
Rodengo Saiano	Lombardy	45.598223	10.1047463
Marina di Gioiosa Ionica	Calabria	38.3027016	16.3342643
Castel San Pietro Terme	Emilia-Romagna	44.3996241	11.5897276
Cala Gonone	Sardinia	40.2803536	9.6271755
Rivanazzano Terme	Lombardia	44.9273117	9.014324799999999
Treviglio	Lombardy	45.5211894	9.592687999999999
Avezzano	Abruzzo	42.0278194	13.424805
km 56		41.87194	12.56738
frazione San Rocco	Piemonte	44.7570433	7.946662
Amalfi	Campania	40.6338303	14.6027661
Scorrano	Puglia	40.0932757	18.3003345
Santa Maria di Castellabate	Campania	40.2959722	14.9519715
Deruta	Umbria	42.98205979999999	12.4165537
Piombino	Tuscany	42.9255951	10.5259535
sestiere San Marco 1131	Veneto	45.4341499	12.3320092
strada per Passo Tre Croci	Veneto	46.5577778	12.2036111
Cima	Lombardy	46.0244631	9.0904825
Crevalcore	Emilia-Romagna	44.7200288	11.148594
angolo via Tadino	Lombardia	45.4797193	9.2082364
Robbiate	Lombardy	45.690938	9.439929500000002
Paraggi	Liguria	44.3120448	9.2101907
Passignano sul Trasimeno	Umbria	43.18743750000001	12.1344807
Santa Cristina d'Aspromonte	Calabria	38.25385170000001	15.9703351
Soprabolzano	Trentino-South Tyrol	46.5303883	11.4074916
Varallo	Piemonte	45.8144736	8.254354
Bacoli	Campania	40.7991137	14.077327
Puegnago sul Garda	Lombardy	45.5662258	10.5100694
Nibbiaia	Tuscany	43.464402	10.4165693
Corciano	Umbria	43.1289408	12.2859766
Rapolano Terme	Tuscany	43.28686	11.6043844
Teramo	Abruzzo	42.6611431	13.6986639
località Casadonna		41.87194	12.56738
Baronissi	Campania	40.7461886	14.7704857
Mira	Veneto	45.4335561	12.1232026
località Malgolo	Trentino-Alto Adige	46.37995249999999	11.0914385
bivio per Volpara	Lombardia	44.9538444	9.297204899999999
Montoro	Campania	40.8208486	14.7597151
25		41.87194	12.56738
Lavariano	Friuli-Venezia Giulia	45.956012	13.2249137
località San Patrignano		41.87194	12.56738
Rivoli	Piedmont	45.07046080000001	7.5198702
San Giorgio del Sannio	Campania	41.0627934	14.8534628
Albiate	Lombardy	45.6554057	9.2486562
loc. Praialonga	Calabria	38.9341864	16.9934184
Casalgrande	Emilia-Romagna	44.5881108	10.737496
Pula	Sardinia	39.0121891	9.0011008
Caravaggio	Lombardy	45.4948597	9.642188400000002
Bardolino	Veneto	45.5484667	10.7202364
Cagli	Marche	43.545959	12.6503845
Fasano	Apulia	40.8355304	17.362025
Arborea	Sardegna	39.77342489999999	8.582382599999999
Cavatore	Piedmont	44.6308515	8.4525717
Santa Teresa Gallura	Sardinia	41.242217	9.189216799999999
Framura	Liguria	44.2034483	9.5558774
Maiori	Campania	40.64812879999999	14.6410022
Sesto San Giovanni	Lombardy	45.5287282	9.23721
Arma di Taggia	Liguria	43.8381487	7.8531153
Cherasco	Piedmont	44.6476518	7.858188199999999
Montichiari	Lombardy	45.4148475	10.3927713
Montrigiasco	Piemonte	45.7720843	8.5105298
Ariccia	Lazio	41.7211357	12.6729714
Cannara	Umbria	42.9961524	12.5850652
Belluno	Veneto	46.14163749999999	12.2148261
Civitella del Lago	Umbria	42.7118251	12.2819192
sestiere Santa Croce 231	Veneto	45.437721	12.3175829
Acuto	Lazio	41.7924629	13.1727324
Bientina	Toscana	43.7095473	10.6196393
Asolo	Veneto	45.7990387	11.9138781
località Costorio	Lombardia	45.6187919	10.2149802
Strongoli	Calabria	39.2644583	17.0548566
Cavazzo Carnico	Friuli-Venezia Giulia	46.3684573	13.0398883
Castiglione Falletto	Piedmont	44.6235984	7.9777493
Montemarcello	Liguria	44.0459155	9.9653701
Castrocaro Terme	Emilia-Romagna	44.1721801	11.9479483
loc. San Pietro all'Olmo	Lombardia	45.4868487	9.0134762
Caluso	Piedmont	45.30230299999999	7.889567700000001
Colognola ai Colli	Veneto	45.4343959	11.186705
Kiens	Trentino-South Tyrol	46.80620380000001	11.835862
Cavalese	Trentino-South Tyrol	46.2912839	11.4603712
Savigno	Emilia-Romagna	44.3934295	11.0756697
località Vighizzolo	Lombardy	45.1423874	10.2242395
San Cassiano	Trentino-South Tyrol	46.5700687	11.9360615
San Giovanni in Fiore	Calabria	39.2567915	16.6973661
Marina Di Campo	Toscana	42.7440262	10.2341099
Offida	Marche	42.9366796	13.6930175
sestiere San Polo 1911	Veneto	45.437565	12.3298437
sestiere Santa Croce 1961	Veneto	45.437721	12.3175829
Morgex	Aosta Valley	45.7577901	7.0365108
Torre del Lago Puccini	Tuscany	43.8325305	10.2754836
Capodacqua	Umbria	43.0295176	12.6514059
sestiere San Polo 2908	Veneto	45.437565	12.3298437
Fosdinovo	Tuscany	44.1354054	10.0209056
Tivoli	Lazio	41.9597095	12.8021341
Ugento	Apulia	39.9271464	18.1612983
Torano Nuovo	Abruzzo	42.8239751	13.7766081
Breuil Cervinia	Aosta Valley	45.93443380000001	7.631025500000001
Podenzano	Emilia-Romagna	44.957373	9.6815706
Runate	Lombardy	45.1710879	10.3582403
Castelmezzano	Basilicata	40.5291498	16.0451076
Appiano Gentile	Lombardia	45.7348094	8.9848281
Genazzano	Lazio	41.8289225	12.9727418
Portonovo	Marche	43.5611908	13.599937
loc. Pietra dei Correnti	Liguria	44.5185323	9.1517058
Mazzorbo	Veneto	45.4857951	12.4073382
Lido di Jesolo	Veneto	45.5063264	12.6457389
Rocella Jonica	Calabria	38.3219681	16.405068
funivia per raggiungere il ristorante in via Villa 3		41.87194	12.56738
Argelato	Emilia-Romagna	44.6419781	11.3489105
Ghirlanda	Tuscany	43.0563678	10.901957
località Bornio	Lombardy	45.9463133	10.1992526
Gargnano	Lombardy	45.6888313	10.6624366
Trequanda	Tuscany	43.1878257	11.6676629
Vicomero di Torrile	Emilia-Romagna	44.886014	10.3248066
Le Ferriere	Lazio	41.5150772	12.7564369
Todi	Umbria	42.7810961	12.4066357
Cutigliano	Tuscany	44.1014499	10.7543315
Grumello del Monte	Lombardy	45.63599370000001	9.8719947
Labico	Lazio	41.7863895	12.8857037
Nerviano	Lombardy	45.5535754	8.9708086
SS 145 Sorrentina km 14	Campania	40.6753769	14.4382464
Vallesaccarda	Campania	41.06350279999999	15.2519341
località Vadaione	Trentino-Alto Adige	46.1522741	10.7678838
Sant'Agata sui Due Golfi	Campania	40.6056513	14.3740169
località Sorte	Trentino-South Tyrol	46.3741807	11.6480041
loc. Casabianca	Friuli-Venezia Giulia	45.9356337	12.8712564
Reggio Emilia	Emilia-Romagna	44.70309659999999	10.6346153
Nocera Superiore	Campania	40.7395766	14.6715754
località Valle	Piemonte	44.525391	7.8994284
sestiere Dorsoduro 3778	Veneto	45.4360836	12.3250791
Bagnolo	Piedmont	44.7597441	7.3135724
San Giovanni al Natisone	Friuli-Venezia Giulia	45.9726985	13.3980221
San Pancrazio	Trentino-South Tyrol	46.5861665	11.0866126
Marlia	Toscana	43.8980494	10.5572381
Burano	Veneto	45.4853906	12.4166562
Racale	Apulia	39.9585702	18.0941716
Besenzone	Emilia-Romagna	44.9872701	9.9539888
San Desiderio	Liguria	44.4191419	9.0059861
Pegli	Liguria	44.4285278	8.8114707
Soiano del Lago	Lombardy	45.5302081	10.5105586
Castelnovo di Baganzola	Emilia-Romagna	44.8579255	10.3076288
San Pellegrino	Lombardy	45.83728989999999	9.6637016
San Paolo d'Argon	Lombardy	45.6868668	9.8028231
Monteu Roero	Piedmont	44.7810382	7.932541100000001
Vinci	Tuscany	43.7843087	10.9245061
Vallo della Lucania	Campania	40.2305213	15.2652465
località Maggianico	Lombardy	45.8259029	9.419594
Magliano Sabina	Lazio	42.3615602	12.481095
Taranto	Apulia	40.4622052	17.2689165
loc. Sant'Eustachio	Campania	40.7689829	14.6963188
Marina di Arbus	Sardegna	39.5999341	8.4717177
Pettenasco	Piedmont	45.8164795	8.4086676
Monastier di Treviso	Veneto	45.650244	12.433211
Casole d'Elsa	Tuscany	43.34013239999999	11.0445526
Vibo Valentia Marina	Calabria	38.7137473	16.1198699
Montescudaio	Tuscany	43.3260399	10.6264577
Varzi	Lombardy	44.82344699999999	9.1978786
Bigolino	Veneto	45.86949020000001	12.0103109
Quartiere di Portomaggiore	Emilia-Romagna	44.69798110000001	11.8060441
Pellio Intelvi	Lombardia	45.9790828	9.0562343
Ravina	Emilia-Romagna	44.418441	12.2034957
Ovada	Piedmont	44.6383461	8.6434128
Fagnano	Lombardia	45.41759829999999	8.995924
Vigevano	Lombardy	45.3218787	8.8466726
molo Sant'Antonio	Puglia	41.1282945	16.8741547
Villa di Chiavenna	Lombardy	46.3308645	9.4815043
Rivalta Trebbia	Emilia-Romagna	44.9523688	9.5865829
Pianiga	Veneto	45.45609200000001	12.0304603
Marlengo	Trentino-South Tyrol	46.6575256	11.1403926
Mercenasco	Piedmont	45.3560665	7.882217399999999
sestiere San Polo 1364	Veneto	45.437565	12.3298437
Manoppello Scalo	Abruzzo	42.3080965	14.0616191
Tirol	Trentino-South Tyrol	46.6908353	11.1538739
Aldino	Trentino-South Tyrol	46.3675258	11.3540176
Santo Stefano Belbo	Piedmont	44.7085574	8.230360500000002
Pigna	Liguria	43.9322494	7.6643853
Cortina Vecchia	Emilia-Romagna	44.388165	12.0362766
Molini	Piemonte	44.5848938	8.868198699999999
Barzago	Lombardy	45.7554463	9.316491
Varigotti	Liguria	44.1822017	8.4024378
San Genesio Atesino	Trentino-South Tyrol	46.5348643	11.3298975
Termeno sulla Strada del Vino	Trentino-South Tyrol	46.3409456	11.2394697
Jesolo	Veneto	45.5330152	12.6435355
Noventa	Veneto	45.6611821	12.5293824
Rieti	Lazio	42.4045985	12.8567824
Marina di Bibbona	Tuscany	43.2451024	10.5331028
Maranello	Emilia-Romagna	44.5263024	10.8666834
Rastignano	Emilia-Romagna	44.4431313	11.3584229
località Villa Maiella	Abruzzo	42.2018233	13.917118
Salgareda	Veneto	45.7041528	12.4926852
Serravalle Langhe	Piedmont	44.55823780000001	8.0596215
lago di Velo d'Astico	Veneto	45.79192279999999	11.3504528
Cuorgnè	Piedmont	45.3912639	7.6501927
Oderzo	Veneto	45.783863	12.4937309
Santa Maria del Monte	Lombardia	45.8593103	8.7931809
Morimondo	Lombardy	45.3531811	8.9555618
Vipiteno	Trentino-South Tyrol	46.89633930000001	11.4321473
Vetrego	Veneto	45.4562091	12.1023834
Tisens	Trentino-South Tyrol	46.5638934	11.1695683
Morciano di Romagna	Emilia-Romagna	43.9138102	12.6453613
SS 120 km 187	Sicilia	37.8151306	14.4956135
Ponte San Pietro	Lombardia	45.6961024	9.5866229
Trezzano sul Naviglio	Lombardy	45.422923	9.0623983
Piazza Armerina	Sicilia	37.3856182	14.3705567
Levico Terme	Trentino-South Tyrol	46.0116173	11.301007
Erbusco	Lombardy	45.5994272	9.9683247
località Valle Sauglio	Piemonte	44.98815399999999	7.757984
Saint Martin in Passeier	Trentino-South Tyrol	46.7797542	11.2258268
Reggio Calabria	Calabria	38.1109851	15.6478516
località Colombaio Tozzi	Piemonte	44.7395655	7.9049443
Vicenza	Veneto	45.5461815	11.5413779
Iseo	Lombardy	45.6597509	10.0495676
Montù Beccaria	Lombardy	45.03790130000001	9.3132676
Peschiera Borromeo	Lombardy	45.43581529999999	9.303493399999999
località Pontagna di Temù	Lombardy	46.25254210000001	10.4867733
via del Costino	Lombardia	45.303842	9.5199244
Squille	Campania	41.1550579	14.4333938
Formello	Lazio	42.0821378	12.4029884
Ticciano	Campania	40.6456052	14.4537704
Noci	Apulia	40.793902	17.1258599
Montallegro	Sicilia	37.3912043	13.3505187
9			
Castel di Sangro	Abruzzo	41.7839542	14.1080974
Contigliano	Lazio	42.4121165	12.7692088
Bagni 70	Emilia-Romagna	44.0014964	12.6644756
Cerretto Langhe	Piedmont	44.5758547	8.094476
Lonigo	Veneto	45.3882122	11.387965
Nettuno	Lazio	41.4573	12.6608412
Voghera	Lombardy	44.9917543	9.011851
Caltanissetta	Sicily	37.4900647	14.0631576
Peschiera del Garda	Veneto	45.43964829999999	10.686844
Rivarolo Canavese	Piedmont	45.3319546	7.7231111
località Tretto	Veneto	45.7597913	11.3362001
Pennabilli	Emilia-Romagna	43.8181464	12.2672601
Villar Dora	Piedmont	45.1180804	7.386395899999999
Cerreto Guidi	Tuscany	43.7597972	10.8801995
Mandello del Lario	Lombardy	45.91785609999999	9.3202344
località Guallina	Lombardy	45.2511	8.791277299999999
Torriana	Emilia-Romagna	43.9850466	12.3856155
Roncade	Veneto	45.6286325	12.3747983
Panicale	Umbria	43.02920020000001	12.1000937
Vittorio Veneto	Veneto	45.9874333	12.2999259
Monterotondo	Lazio	42.055049	12.6203361
Sarre	Aosta Valley	45.7175427	7.257393200000001
Canale	Trentino-South Tyrol	46.0423009	11.2291021
Lomazzo	Lombardy	45.6984171	9.0364492
Capriate San Gervasio	Lombardy	45.6224621	9.5274678
Corte de' Cortesi	Lombardy	45.2731438	10.007155
Sala Bolognese	Emilia-Romagna	44.616422	11.2563212
Brufa	Umbria	43.0588811	12.4733021
località Abbadia Isola	Tuscany	43.3879013	11.1941241
Torno	Lombardy	45.85739299999999	9.1158766
loc. Aci Trezza	Sicily	37.5615555	15.1574868
Raveo	Friuli-Venezia Giulia	46.4338946	12.8722761
Alzano Lombardo	Lombardy	45.7295289	9.7242509
Rotonda	Basilicata	39.9533176	16.0379505
loc. Chiugiana	Umbria	43.1063919	12.308078
Baschi	Umbria	42.6729095	12.2156243
Saronno	Lombardy	45.6264294	9.0348132
Albavilla	Lombardy	45.80219899999999	9.1880128
Costermano	Veneto	45.5857475	10.7402055
Anterivo	Trentino-South Tyrol	46.2774891	11.3667552
San Martino	Trentino-South Tyrol	46.2617655	11.8005275
San Pantaleo	Sardegna	41.0460696	9.4679621
Cicognolo	Lombardia	45.1641598	10.1958503
Cormons	Friuli-Venezia Giulia	45.9558594	13.4677301
Torrechiara	Emilia-Romagna	44.6592789	10.2807553
Afragola	Campania	40.9198122	14.3073019
Acri	Calabria	39.4891857	16.3826297
Bettolle	Tuscany	43.2070528	11.802235
Adria	Veneto	45.0555487	12.0560381
Badia di Dulzago	Piemonte	45.5491664	8.612909799999999
Diolo	Emilia-Romagna	44.9621754	10.1485229
Noventa Padovana	Veneto	45.415988	11.9537873
Cavaglià	Piedmont	45.40598610000001	8.0941323
Castagnole Piemonte	Piemonte	44.8989176	7.5655191
Capriata d'Orba	Piedmont	44.7283871	8.690317799999999
Arcugnano	Veneto	45.5006119	11.535509
Borgio Verezzi	Liguria	44.1597284	8.3074754
Bracca	Lombardy	45.8241257	9.707912199999999
Arzignano	Veneto	45.5217777	11.3355291
Arabba	Veneto	46.497167	11.8737721
SS 146	Umbria	43.00195	11.96561
Barbarano Vicentino	Veneto	45.409921	11.5395817
Bodio Lomnago	Lombardy	45.7891621	8.7498898
L'Aquila	Abruzzo	42.350697	13.399934
Altamura	Apulia	40.8242586	16.5525957
Robbio	Lombardy	45.289212	8.5938211
Isola Dovarese	Lombardy	45.1754752	10.312156
Cecina	Tuscany	43.3085272	10.51886
