love,1
chilli,2
monkfish,3
offer,4
84,5
vall,6
cherasco,7
flaw,8
nonetheless,9
easter,10
encyclopaed,11
potato,12
poppi,13
merli,14
revolutionis,15
glad,16
lift,17
verdur,18
charismat,19
renown,20
hark,21
friendship,22
reflect,23
smetana,24
sottovoc,25
use,26
prophet,27
silvio,28
elefant,29
paella,30
scialatielli,31
saltwort,32
mandra,33
scapec,34
spiritoso,35
harmoni,36
maurilio,37
engel,38
strozzi,39
ziantoni,40
hong,41
climat,42
amaro,43
includingsorbir,44
bourbon,45
warn,46
sbira,47
press,48
freshest,49
greec,50
corner,51
fil,52
number,53
nearest,54
barbanera,55
villoresi,56
biancu,57
apprentic,58
michelin,59
thegreentast,60
venezia,61
sila,62
plankton,63
march,64
older,65
courmayeur,66
ann,67
vivalda,68
hamachi,69
winckel,70
come,71
durnwald,72
marisa,73
granit,74
neither,75
paradiso,76
namelaka,77
bulgari,78
overcom,79
vesta,80
takeaway,81
full,82
chiusi,83
sculpt,84
restoredtrulliwhich,85
child,86
crippa,87
act,88
thursday,89
junior,90
regina,91
tablet,92
project,93
lucassino,94
fratelli,95
affreschi,96
sala,97
stl,98
est,99
tablecloth,100
rubik,101
scheme,102
cinema,103
em,104
play,105
spaniard,106
tribut,107
eaten,108
gone,109
16c,110
profici,111
rel,112
bathroom,113
arianna,114
peter,115
thesplendid,116
thyme,117
hour,118
napoli,119
anfiteatro,120
fellow,121
gagini,122
atrani,123
crespi,124
sail,125
could,126
intensifi,127
shabbi,128
pop,129
larg,130
teapot,131
gualdo,132
1991,133
aficionado,134
frescada,135
date,136
barn,137
adriat,138
twin,139
felix,140
un,141
levi,142
lime,143
latter,144
chive,145
hernan,146
nora,147
re,148
nearbi,149
autunno,150
ronchi,151
twist,152
trattoria,153
storia,154
develop,155
moretto,156
kaiseki,157
want,158
sleep,159
menu,160
get,161
mio,162
philosoph,163
doria,164
watch,165
wieser,166
vitel,167
train,168
porta,169
russian,170
nearli,171
cultiv,172
100m,173
outdoor,174
maiella,175
sicilian,176
va,177
began,178
warhol,179
definit,180
antica,181
1968,182
swap,183
confin,184
stock,185
partner,186
agliata,187
calderino,188
benjamin,189
monosilio,190
settl,191
vulcano,192
slogan,193
adult,194
refin,195
canap,196
enbogon,197
su,198
abl,199
usual,200
sand,201
era,202
imprezios,203
unspoilt,204
previous,205
lukewarm,206
birrami,207
succul,208
beaten,209
karim,210
pud,211
rivoli,212
valdarno,213
eleg,214
ambiental,215
furnish,216
cuisin,217
offida,218
2003,219
merlo,220
lee,221
bergeretto,222
approach,223
stop,224
repres,225
nonno,226
cir,227
partnership,228
movimento,229
amici,230
innocenti,231
cereal,232
agnoli,233
forino,234
esplanad,235
capannori,236
lori,237
heart,238
technolog,239
sanit,240
apostolo,241
capricciosa,242
umbrella,243
albereta,244
ristour,245
fumiko,246
musciora,247
faultless,248
rabbit,249
siena,250
trabetti,251
consumpt,252
magnific,253
gener,254
alzaia,255
shortli,256
fabbro,257
erminio,258
mugo,259
squid,260
hadrian,261
husband,262
gennaro,263
tench,264
florenc,265
mine,266
steal,267
probiz,268
somma,269
ciauscolo,270
sister,271
alfonso,272
contemporaneit,273
cannoli,274
chateaubriand,275
flan,276
go,277
male,278
slight,279
bench,280
special,281
abli,282
imaginari,283
cacciag,284
16,285
austrian,286
12c,287
mallard,288
1926,289
armi,290
link,291
parkhotel,292
farmhous,293
sum,294
belltow,295
pacif,296
orti,297
fan,298
jacopo,299
cracker,300
alghero,301
versilia,302
furnitur,303
tastebud,304
portinari,305
1970,306
catania,307
palaud,308
noodl,309
marri,310
orangeri,311
1959,312
passeggiata,313
speranzina,314
sappada,315
unmiss,316
murat,317
pepperi,318
teau,319
whatev,320
venu,321
juke,322
pollino,323
mogano,324
mattiacci,325
anni,326
fassa,327
literatur,328
arborina,329
ritorno,330
bavaglino,331
marino,332
somewher,333
scoprir,334
version,335
zanini,336
erbaluc,337
effici,338
imagin,339
1887,340
zazzeri,341
kebab,342
pois,343
albertina,344
palluda,345
exquisit,346
creation,347
rocco,348
hair,349
taggiasca,350
counter,351
campo,352
symbolis,353
maccheroni,354
shuttl,355
ventr,356
w,357
speak,358
desiderio,359
vomero,360
ora,361
defin,362
solar,363
gr,364
sunni,365
osashimi,366
alpago,367
recognis,368
testaccio,369
background,370
hospit,371
perticara,372
citi,373
2022,374
botania,375
gaetano,376
hill,377
chapel,378
feast,379
pistoletto,380
entertain,381
real,382
bianco,383
brutto,384
prato,385
rampant,386
virgin,387
piccini,388
eben,389
bewar,390
maicol,391
underli,392
donna,393
longhini,394
vegetarian,395
caravello,396
propos,397
marrow,398
relic,399
substanc,400
inexhaust,401
piergiorgio,402
content,403
porter,404
cattivelli,405
domenico,406
throughout,407
lucera,408
monastero,409
breton,410
outbuild,411
laurel,412
cavallo,413
habsburg,414
discipl,415
1952,416
structur,417
potent,418
gra,419
millston,420
perata,421
basil,422
rout,423
all,424
filippi,425
enthusiasm,426
spider,427
linger,428
globe,429
hosteria,430
tchees,431
moment,432
massimiliano,433
vegetariano,434
carrara,435
baba,436
sulmona,437
iannotti,438
worth,439
vodka,440
saletta,441
liveliest,442
piastrino,443
teraman,444
paragon,445
cavales,446
annurca,447
paint,448
fondu,449
st,450
1934,451
everywher,452
myrtleberri,453
sweetbread,454
montoro,455
fogolar,456
master,457
dell,458
fefa,459
botan,460
gluten,461
drawer,462
admir,463
poultri,464
forag,465
pictur,466
origin,467
courtyard,468
cartene,469
giuseppa,470
offanengo,471
400,472
8pm,473
greenhous,474
wood,475
scandinavian,476
struck,477
evok,478
pike,479
2015,480
salvator,481
monasteri,482
sommit,483
porch,484
max,485
porchetta,486
tino,487
caribbean,488
ripetta,489
vide,490
buckwheat,491
caval,492
hike,493
speci,494
bill,495
2024,496
europ,497
maglio,498
happili,499
trofi,500
expert,501
caoda,502
hover,503
gianfranco,504
proietti,505
norcia,506
passiria,507
low,508
800,509
savona,510
mpustarella,511
biscotti,512
rombo,513
acclaim,514
alongsid,515
marin,516
miranes,517
rieti,518
faster,519
prevail,520
cristina,521
mirabella,522
collect,523
fisichella,524
sant,525
award,526
brisket,527
purist,528
gabriel,529
danc,530
scrubland,531
mutuo,532
kilometr,533
arancina,534
never,535
doze,536
renzo,537
fairi,538
1920,539
0,540
accolla,541
stanc,542
formula,543
marzano,544
appetit,545
1442,546
promis,547
crunchi,548
minori,549
carnaghi,550
characteris,551
determin,552
fortress,553
eventu,554
griffa,555
nightlif,556
sensibl,557
adda,558
vecchio,559
mangiala,560
philipp,561
tasso,562
2021,563
brasato,564
g,565
passi,566
countless,567
preced,568
criss,569
practic,570
gain,571
explain,572
burnt,573
sosta,574
final,575
1478,576
veranda,577
abbadia,578
decis,579
increas,580
cjarson,581
manduria,582
loaf,583
52,584
renownedarrosticini,585
larch,586
banfi,587
trentini,588
pub,589
poet,590
baglioni,591
peci,592
bucol,593
subtl,594
bc,595
gastronomi,596
store,597
road,598
aurora,599
brodetto,600
permeat,601
ss13,602
vescovado,603
creat,604
befit,605
karl,606
ducass,607
melandri,608
crop,609
obsess,610
heinrich,611
smoker,612
coccia,613
dusk,614
cappon,615
tomei,616
abat,617
scalinata,618
vine,619
partial,620
contron,621
fascin,622
angioino,623
giorgia,624
eugenia,625
delic,626
minimalist,627
200,628
joyou,629
sourdough,630
general,631
amiata,632
80,633
tuff,634
surprisingli,635
bari,636
traditionalist,637
gainn,638
ristretto,639
chignola,640
campsit,641
barisano,642
londr,643
angiolucci,644
fracassi,645
1mq,646
ice,647
velvet,648
gimignano,649
authorit,650
tunnel,651
1,652
significantli,653
accumul,654
caluso,655
revel,656
undoubtedli,657
sweet,658
key,659
certain,660
eliseo,661
soya,662
damiano,663
whip,664
giulia,665
fundament,666
brother,667
school,668
novic,669
35,670
arsenal,671
iaccarino,672
bagheria,673
pergin,674
product,675
crumbl,676
lean,677
bollita,678
andbonetprovid,679
puntarel,680
coastlin,681
adjust,682
januari,683
determinedli,684
rais,685
1000,686
complement,687
withciccioli,688
barbequ,689
milda,690
stravecchio,691
bernardo,692
amaranth,693
pantesco,694
aria,695
fre,696
cauda,697
stonework,698
domenica,699
36,700
castraur,701
torregrotta,702
fasson,703
quintessenza,704
flair,705
bob,706
amount,707
suvereto,708
aperto,709
quick,710
budget,711
open,712
virgilio,713
mascarpon,714
highlight,715
meati,716
shorelin,717
border,718
spaghetto,719
matteo,720
frigoriferi,721
chioccia,722
novelti,723
strike,724
maniago,725
trentacosti,726
intrusi,727
flawless,728
per,729
infin,730
mottaron,731
matscher,732
700,733
recycl,734
mentor,735
parliament,736
nephew,737
specialis,738
salvia,739
fasano,740
tabl,741
dongi,742
egon,743
manuel,744
realli,745
royal,746
meat,747
bespok,748
bodi,749
bandwagon,750
shellfish,751
shadi,752
tortellant,753
salami,754
sinuou,755
authent,756
nois,757
salomon,758
breathtakingli,759
praianes,760
photo,761
genuin,762
pachino,763
plum,764
surfboard,765
andmortandelasalami,766
pollock,767
aulenti,768
sugar,769
fashion,770
kevin,771
firmli,772
birthplac,773
soon,774
harvest,775
acereta,776
area,777
loro,778
congeni,779
leoni,780
sacro,781
postcard,782
author,783
20,784
icon,785
achiev,786
elsa,787
h,788
applic,789
secret,790
gianfilippo,791
ravioli,792
bertoli,793
airaudo,794
plan,795
andora,796
close,797
romana,798
proven,799
yoji,800
mill,801
14,802
west,803
comprehens,804
ottog,805
estat,806
egnazia,807
100,808
pleasur,809
fulfil,810
howev,811
bolzano,812
oub,813
manzoni,814
intern,815
lorelei,816
ju,817
reggiana,818
ristorant,819
buratti,820
theatric,821
coldana,822
beyond,823
indigo,824
london,825
silvana,826
tenet,827
corbara,828
redcurr,829
marzipan,830
6c,831
roma,832
seta,833
lussuoso,834
wineri,835
pezzogna,836
torrisi,837
painter,838
itinerari,839
colli,840
montanari,841
lighten,842
seregno,843
coast,844
sassoferrato,845
na,846
saba,847
dialect,848
water,849
spaghetti,850
1927,851
perfectli,852
celeri,853
threshold,854
extract,855
british,856
ossobuco,857
transfer,858
fuori,859
hagen,860
pride,861
instead,862
outlet,863
held,864
semicircular,865
mirror,866
fatjon,867
aalto,868
brighten,869
pietra,870
sure,871
cathedr,872
larger,873
receiv,874
lend,875
signorini,876
nativ,877
francescana,878
lemon,879
40,880
usai,881
basi,882
career,883
branca,884
east,885
borgo,886
oyster,887
vegetali,888
biscuit,889
hear,890
dori,891
langa,892
cantinon,893
freeli,894
augustu,895
short,896
imperator,897
sambuca,898
resourc,899
numerouscicchetti,900
buffet,901
angolo,902
arso,903
synonym,904
rosewood,905
li,906
1870,907
scottish,908
dop,909
carpacci,910
acquapartita,911
ribey,912
nowher,913
earth,914
1958,915
quiet,916
backdrop,917
bistr,918
acireal,919
practis,920
hustl,921
legendari,922
auster,923
mezz,924
vinegar,925
rang,926
camiano,927
stronghold,928
make,929
amberjack,930
arca,931
mani,932
comandant,933
rialto,934
1961,935
scamardella,936
godia,937
galleon,938
tufa,939
toledo,940
colder,941
perdomoalso,942
waffl,943
diffuso,944
took,945
polo,946
lanka,947
trend,948
valtellino,949
queen,950
ottagono,951
natal,952
exist,953
culinari,954
brandacujun,955
station,956
spice,957
mayonnais,958
associ,959
uphold,960
condo,961
canocchia,962
captur,963
crust,964
pimpernel,965
valsassina,966
cuttaia,967
mudec,968
avail,969
societi,970
gilmor,971
tenn,972
restaur,973
pipero,974
dedic,975
yet,976
banal,977
parco,978
rolli,979
tardiva,980
pinzolo,981
emanuel,982
madoni,983
salon,984
materi,985
pleasantli,986
tramontano,987
unexpect,988
parker,989
cerrato,990
abound,991
zillo,992
simplic,993
rump,994
trentinomenu,995
meaning,996
fr,997
issu,998
net,999
monument,1000
950m,1001
educ,1002
polystyren,1003
spite,1004
perbellini,1005
stefania,1006
prosper,1007
15c,1008
michelangelo,1009
mengoni,1010
amaron,1011
ripen,1012
operaia,1013
orchard,1014
weekend,1015
agostini,1016
naturalit,1017
fiorentina,1018
rest,1019
picnic,1020
schneider,1021
devetak,1022
superbl,1023
encircl,1024
sapid,1025
pharmaci,1026
neighbour,1027
cant,1028
leaven,1029
lugano,1030
aroma,1031
parisian,1032
tyrol,1033
barral,1034
turn,1035
12,1036
account,1037
starck,1038
local,1039
valsugana,1040
vista,1041
japanes,1042
bolognina,1043
record,1044
larossa,1045
land,1046
collin,1047
papaya,1048
small,1049
silent,1050
ariel,1051
even,1052
head,1053
insid,1054
chioggia,1055
unannounc,1056
brand,1057
cembra,1058
sho,1059
film,1060
familiar,1061
sarzana,1062
twentieth,1063
marchini,1064
reward,1065
capitano,1066
allow,1067
umbrian,1068
giampiero,1069
ancient,1070
rovetta,1071
coffe,1072
brunello,1073
toku,1074
suffic,1075
code,1076
wait,1077
ensur,1078
beluga,1079
iva,1080
lanzagallo,1081
wafer,1082
lobster,1083
dresser,1084
origini,1085
150th,1086
attach,1087
overli,1088
alpin,1089
pizzi,1090
molo,1091
desenzano,1092
tourism,1093
healthi,1094
extravag,1095
mar,1096
rapha,1097
brunico,1098
antiqu,1099
alchemi,1100
follow,1101
discreet,1102
seventh,1103
clam,1104
rivoluzion,1105
kratter,1106
septemb,1107
settembr,1108
sara,1109
bake,1110
liquoric,1111
sirenus,1112
abbattista,1113
me,1114
pork,1115
nicknam,1116
admit,1117
lidia,1118
tourist,1119
bistecca,1120
mario,1121
lankan,1122
vescovil,1123
degustazion,1124
zalyandchj,1125
personalis,1126
apostelstub,1127
cattl,1128
peppermint,1129
suitabl,1130
altitud,1131
1971,1132
sirmion,1133
glamor,1134
suzzara,1135
encount,1136
carpentri,1137
impero,1138
seek,1139
caff,1140
declar,1141
mark,1142
bolder,1143
marmot,1144
simon,1145
granaio,1146
bresciana,1147
enter,1148
fino,1149
partenop,1150
fir,1151
poggio,1152
giuliano,1153
1885,1154
clue,1155
forget,1156
nostri,1157
violetta,1158
valpantena,1159
steiner,1160
gaudenzio,1161
agnelli,1162
appetis,1163
imbu,1164
list,1165
bergamasca,1166
berruti,1167
con,1168
nicolini,1169
foundat,1170
rebosio,1171
merlot,1172
proverbi,1173
ravello,1174
onion,1175
summaris,1176
bresaola,1177
urchin,1178
nondescript,1179
broth,1180
mareand,1181
overnight,1182
10pm,1183
blindfold,1184
chose,1185
formerli,1186
pastiera,1187
tell,1188
anacapri,1189
adher,1190
calett,1191
trafoier,1192
girasoli,1193
modena,1194
junip,1195
skill,1196
feminin,1197
bue,1198
cajinci,1199
terrin,1200
monach,1201
borsa,1202
attent,1203
pont,1204
fossaceca,1205
cavalieri,1206
masaki,1207
culatello,1208
hint,1209
pur,1210
excurs,1211
test,1212
som,1213
dumpl,1214
colosseum,1215
arrosticini,1216
flask,1217
tempura,1218
vibo,1219
paccheri,1220
fat,1221
tartar,1222
quail,1223
morsetti,1224
cucolo,1225
pen,1226
honest,1227
mirella,1228
mattia,1229
shift,1230
nouveau,1231
zampognaro,1232
turi,1233
breadstick,1234
visitor,1235
aglianico,1236
schingaro,1237
scardina,1238
barman,1239
collina,1240
dnerhof,1241
span,1242
meravigliao,1243
cortil,1244
mostli,1245
pagliazza,1246
acenza,1247
28,1248
ttelbrot,1249
sausag,1250
valva,1251
thinnest,1252
balsam,1253
lino,1254
corpo,1255
betray,1256
amerigo,1257
arezzo,1258
mondello,1259
detract,1260
giarr,1261
e,1262
jewish,1263
magist,1264
sciliar,1265
sassongh,1266
bulk,1267
fondaco,1268
verpai,1269
angiolieri,1270
predominantli,1271
flaiano,1272
bouillabaiss,1273
question,1274
donei,1275
ferrares,1276
bica,1277
permit,1278
carlo,1279
itsjoia,1280
pr,1281
whenev,1282
ascani,1283
sky,1284
elev,1285
custom,1286
celebratori,1287
reinterpret,1288
grandson,1289
salti,1290
cesar,1291
fattoria,1292
pasta,1293
feo,1294
matera,1295
spruce,1296
garlic,1297
semi,1298
provinc,1299
seriana,1300
matriciana,1301
gather,1302
macellaria,1303
tommaso,1304
anita,1305
acorn,1306
ahrntal,1307
mysteri,1308
modernis,1309
remulass,1310
coada,1311
inmat,1312
piazzal,1313
curat,1314
arancini,1315
tortelli,1316
success,1317
dolomit,1318
jetti,1319
maturato,1320
30pm,1321
cane,1322
soak,1323
conveni,1324
brindo,1325
costabella,1326
flamingo,1327
20c,1328
21,1329
iacopo,1330
happi,1331
gourmethotel,1332
1980,1333
hesit,1334
indulg,1335
tradizion,1336
chaotic,1337
share,1338
dissect,1339
aptli,1340
cannaregio,1341
pie,1342
classici,1343
dashi,1344
600,1345
meal,1346
rgi,1347
1996,1348
1913,1349
11pm,1350
immortalis,1351
6,1352
storehous,1353
war,1354
live,1355
trove,1356
gulfi,1357
still,1358
modugno,1359
barbera,1360
raciti,1361
sirmiano,1362
solaria,1363
pete,1364
asparagu,1365
andi,1366
lower,1367
pezzuto,1368
1250,1369
us,1370
erborinato,1371
connoisseur,1372
paulo,1373
baciadonn,1374
metronom,1375
grandpar,1376
cerami,1377
malatesta,1378
weather,1379
giardinetto,1380
eateri,1381
trastever,1382
pasquo,1383
appear,1384
shrub,1385
pineappl,1386
applaus,1387
panzanella,1388
spinach,1389
ornat,1390
beig,1391
minut,1392
gae,1393
alassio,1394
cogliardo,1395
sudden,1396
porceddu,1397
relief,1398
bernes,1399
safari,1400
geniu,1401
bosana,1402
cala,1403
box,1404
ride,1405
mauro,1406
catch,1407
unesco,1408
umeboshi,1409
ahim,1410
need,1411
bounti,1412
keyword,1413
boeri,1414
gian,1415
ti,1416
ed,1417
case,1418
pierantonio,1419
notabl,1420
imposs,1421
rural,1422
terra,1423
neglect,1424
cort,1425
tiber,1426
muse,1427
nt,1428
meucci,1429
destroy,1430
coffer,1431
catalogu,1432
skil,1433
enviabl,1434
volumnia,1435
succeed,1436
extend,1437
contagi,1438
sorbet,1439
dull,1440
domodossola,1441
along,1442
forti,1443
beneath,1444
subdu,1445
let,1446
cinti,1447
chri,1448
formal,1449
prefer,1450
renownedsbrisolonacak,1451
armerina,1452
tonola,1453
abbrevi,1454
crema,1455
biolo,1456
ca,1457
present,1458
danilo,1459
niccol,1460
stagion,1461
24hr,1462
erbett,1463
gate,1464
sergeev,1465
professor,1466
cahssai,1467
name,1468
gargnano,1469
pea,1470
borag,1471
bu,1472
expon,1473
hue,1474
plain,1475
planet,1476
caldura,1477
marciana,1478
bistrot,1479
etra,1480
tile,1481
camilla,1482
sharp,1483
romagnola,1484
top,1485
orecchiett,1486
60,1487
renon,1488
oven,1489
antipasti,1490
mullet,1491
cornic,1492
essenziali,1493
falanghina,1494
inedita,1495
exquisitepanzerotti,1496
straordinario,1497
nobuya,1498
clientel,1499
riva,1500
glamour,1501
maximum,1502
pastureland,1503
lumpfish,1504
lavezzini,1505
posto,1506
niederkofl,1507
elderflow,1508
lucio,1509
gasthau,1510
oberhamm,1511
vito,1512
encompass,1513
dusti,1514
lucan,1515
modern,1516
near,1517
1964,1518
facil,1519
paolo,1520
wish,1521
annarita,1522
vicina,1523
ethnic,1524
antonella,1525
evoc,1526
shine,1527
boat,1528
regard,1529
varieti,1530
1370,1531
flere,1532
rita,1533
holder,1534
livia,1535
sweetcorn,1536
blason,1537
passag,1538
montal,1539
characterist,1540
oldofredi,1541
barbaresco,1542
centr,1543
stresa,1544
prior,1545
oseleta,1546
pisani,1547
unmistak,1548
rizz,1549
amalfi,1550
cicchetti,1551
formichella,1552
cotta,1553
nun,1554
picaggeandpansottipasta,1555
gran,1556
thetortellini,1557
touch,1558
degli,1559
bologna,1560
cross,1561
canderli,1562
burri,1563
compris,1564
monopoli,1565
import,1566
hush,1567
futur,1568
propriet,1569
rariti,1570
format,1571
brunel,1572
ferran,1573
fritta,1574
eleonora,1575
patricia,1576
assunta,1577
curiou,1578
cigar,1579
chocol,1580
sculli,1581
conceal,1582
papavero,1583
offshor,1584
pineta,1585
premis,1586
nero,1587
cri,1588
park,1589
temporari,1590
calabrian,1591
militari,1592
exterior,1593
laden,1594
tomato,1595
privaci,1596
marmalad,1597
parallel,1598
indefatig,1599
track,1600
spleen,1601
cor,1602
renato,1603
cairo,1604
giuliana,1605
influenc,1606
dose,1607
andpetra,1608
montecristo,1609
lombardian,1610
maiz,1611
smile,1612
prebugiun,1613
block,1614
fewer,1615
pisser,1616
val,1617
voyag,1618
hous,1619
sector,1620
main,1621
filippo,1622
steve,1623
ghirlanda,1624
whet,1625
establish,1626
silva,1627
passioni,1628
szechuan,1629
saporito,1630
el,1631
battuta,1632
lumira,1633
stracotto,1634
souffl,1635
cervia,1636
brazier,1637
capit,1638
atturrata,1639
padoan,1640
spelt,1641
parretti,1642
14c,1643
grape,1644
tobiko,1645
worker,1646
italo,1647
risoni,1648
bubbl,1649
decorazioni,1650
scapecchi,1651
flora,1652
oldest,1653
bolliti,1654
capelli,1655
bring,1656
carn,1657
confirm,1658
region,1659
grottino,1660
learnt,1661
ascent,1662
sooth,1663
daniel,1664
zunica,1665
athlet,1666
stroll,1667
1995,1668
mother,1669
king,1670
thepizza,1671
entranc,1672
matia,1673
giardino,1674
blackberri,1675
1882,1676
stracciatella,1677
romanesqu,1678
experi,1679
culurgion,1680
complic,1681
similarli,1682
chanterel,1683
milanesi,1684
boar,1685
cagliaritana,1686
sheer,1687
anima,1688
co,1689
daunt,1690
klaud,1691
academyaim,1692
geograph,1693
rampina,1694
ventresca,1695
troccoli,1696
martini,1697
carignano,1698
justic,1699
tenaci,1700
distanc,1701
relai,1702
fezzardi,1703
suggest,1704
ruffano,1705
stool,1706
exampl,1707
mancino,1708
tivoli,1709
piacentin,1710
glimps,1711
unsurprisingli,1712
bundl,1713
own,1714
last,1715
lover,1716
advanc,1717
grain,1718
said,1719
maccaron,1720
proxim,1721
cube,1722
cagli,1723
grown,1724
galtarossa,1725
borlotti,1726
ger,1727
smoki,1728
cabbag,1729
snowsho,1730
kuppelrain,1731
querc,1732
amur,1733
calandrino,1734
doubt,1735
burn,1736
dove,1737
marbl,1738
restor,1739
promenad,1740
pavan,1741
chargril,1742
lecc,1743
joyc,1744
cristian,1745
gazebo,1746
decad,1747
capestrano,1748
nineteenth,1749
tozuppa,1750
antonini,1751
grate,1752
nobless,1753
bruxaboschi,1754
domin,1755
fowl,1756
ristoclub,1757
aristocrat,1758
prino,1759
filippetto,1760
urbino,1761
father,1762
cultur,1763
bank,1764
swim,1765
roast,1766
sandwich,1767
intoler,1768
philip,1769
marta,1770
except,1771
wine,1772
sauerkraut,1773
plane,1774
highest,1775
profeta,1776
consorzio,1777
albavilla,1778
delici,1779
porcini,1780
cannara,1781
salama,1782
michael,1783
antico,1784
neapolitan,1785
morelli,1786
mouthwat,1787
chef,1788
1981,1789
natali,1790
giorgio,1791
ceraudo,1792
contemporan,1793
soup,1794
martina,1795
guarino,1796
nuov,1797
desir,1798
casserol,1799
terzavia,1800
done,1801
captiv,1802
ounc,1803
pay,1804
profondo,1805
foothil,1806
fairytal,1807
clean,1808
fiorentinaopt,1809
fingerlim,1810
subida,1811
caper,1812
informal,1813
frati,1814
respons,1815
stood,1816
gli,1817
reinvent,1818
sibilla,1819
erba,1820
kaluga,1821
molaro,1822
morer,1823
may,1824
contrari,1825
faveri,1826
antonino,1827
triest,1828
1988,1829
midday,1830
novemb,1831
suquet,1832
known,1833
2024quarto,1834
campanella,1835
merchant,1836
roe,1837
row,1838
olio,1839
patat,1840
bertini,1841
attanasio,1842
huber,1843
cannavino,1844
carlotta,1845
architect,1846
strait,1847
boast,1848
lo,1849
romant,1850
ventimiglia,1851
anyth,1852
rock,1853
punta,1854
leonardi,1855
samuel,1856
introduct,1857
fishhead,1858
dolom,1859
mt,1860
leopardi,1861
sapori,1862
rizzo,1863
match,1864
tagliolini,1865
grew,1866
bonfadini,1867
beer,1868
400m,1869
junction,1870
radici,1871
grasparossa,1872
siciliana,1873
sprinkl,1874
standard,1875
lunch,1876
astra,1877
friendli,1878
farra,1879
salerno,1880
memoria,1881
primari,1882
bringoli,1883
cv,1884
canederli,1885
atmospher,1886
elena,1887
ugento,1888
long,1889
visibl,1890
price,1891
eatali,1892
firstli,1893
separ,1894
lagoon,1895
sultana,1896
ink,1897
cannonau,1898
collio,1899
vecchia,1900
servizio,1901
zone,1902
cistern,1903
higher,1904
profus,1905
rear,1906
esperienza,1907
gift,1908
medic,1909
rustic,1910
slice,1911
corridor,1912
vitello,1913
vogu,1914
passard,1915
reach,1916
vigezzo,1917
chiesa,1918
sou,1919
floor,1920
sturgeon,1921
randazzo,1922
cattaneo,1923
foot,1924
damask,1925
agerola,1926
rightli,1927
renov,1928
entrecot,1929
meanwhil,1930
tablewar,1931
seminari,1932
chairman,1933
creak,1934
thousand,1935
signific,1936
cosmopolitan,1937
blend,1938
shiso,1939
unnecessari,1940
2007,1941
ingiulla,1942
ero,1943
spanish,1944
celeriac,1945
boutiqu,1946
nicol,1947
latt,1948
ugolotti,1949
argentario,1950
shaken,1951
tea,1952
shank,1953
verdi,1954
tre,1955
zanasi,1956
remain,1957
30am,1958
isola,1959
kombu,1960
grassland,1961
nostalg,1962
sacristi,1963
argentin,1964
musso,1965
constant,1966
anolini,1967
di,1968
theadriatico,1969
truffl,1970
cielo,1971
neck,1972
3,1973
brass,1974
1773,1975
novara,1976
advertis,1977
fasan,1978
cibreo,1979
sapio,1980
ula,1981
north,1982
affido,1983
baronal,1984
basilica,1985
oh,1986
spheric,1987
marchigiana,1988
organ,1989
tyrolean,1990
earn,1991
abund,1992
petrosino,1993
man,1994
aretusi,1995
discoveri,1996
commend,1997
cutleri,1998
nutmeg,1999
villa,2000
7,2001
1984,2002
trovato,2003
al,2004
muscat,2005
corrado,2006
carv,2007
murg,2008
wit,2009
europa,2010
albergo,2011
robustli,2012
rind,2013
olmo,2014
tiberio,2015
belgian,2016
naviglio,2017
ischia,2018
brazil,2019
oliva,2020
option,2021
stelio,2022
hope,2023
montefalco,2024
voghera,2025
venaria,2026
duchess,2027
coron,2028
sposito,2029
ragu,2030
corfu,2031
zazzara,2032
uza,2033
grifon,2034
nemi,2035
wave,2036
companion,2037
aprea,2038
marrocco,2039
linear,2040
acid,2041
grual,2042
giano,2043
recent,2044
add,2045
lose,2046
zeno,2047
car,2048
reinforc,2049
15,2050
thoma,2051
luigia,2052
aya,2053
berton,2054
tune,2055
gratin,2056
romagna,2057
past,2058
emigr,2059
trent,2060
gragnono,2061
entrust,2062
dinato,2063
nardini,2064
leali,2065
riccio,2066
aeolian,2067
ecosystem,2068
supervis,2069
daili,2070
tini,2071
outskirt,2072
supplier,2073
certosa,2074
stella,2075
sformato,2076
bear,2077
spigaroli,2078
intorcia,2079
holidaymak,2080
everi,2081
dash,2082
gelliu,2083
bay,2084
scarpetta,2085
villanova,2086
1880,2087
cloud,2088
ban,2089
aperitif,2090
viaggio,2091
enterpris,2092
florentin,2093
ortisei,2094
screen,2095
1956,2096
weekli,2097
kidney,2098
ever,2099
lucia,2100
pacentro,2101
milan,2102
spoltino,2103
giulio,2104
chalet,2105
fit,2106
allevato,2107
ercol,2108
tantri,2109
sfoglin,2110
langoustin,2111
facet,2112
riscoperta,2113
acreid,2114
mao,2115
casertano,2116
inspector,2117
transumanza,2118
laundri,2119
jut,2120
bruno,2121
accomplish,2122
contain,2123
penthous,2124
vertical,2125
extrem,2126
scalo,2127
moscato,2128
immers,2129
matur,2130
moma,2131
coincid,2132
david,2133
milon,2134
liner,2135
brick,2136
richard,2137
gragnano,2138
langh,2139
fornari,2140
spoleto,2141
skylin,2142
search,2143
fischetti,2144
awarm,2145
buzara,2146
perugia,2147
200th,2148
marelli,2149
deck,2150
americano,2151
babi,2152
nightclub,2153
airi,2154
masterpiec,2155
raw,2156
lombardo,2157
younger,2158
torr,2159
gobbi,2160
marineria,2161
hord,2162
coat,2163
sereno,2164
centuri,2165
role,2166
umbertid,2167
bladder,2168
shop,2169
fluffi,2170
recip,2171
restrict,2172
chines,2173
vistamar,2174
ezio,2175
petra,2176
piatti,2177
liter,2178
elderberri,2179
repertoir,2180
convent,2181
omakasetast,2182
level,2183
tonino,2184
adjoin,2185
strachitunt,2186
elsewher,2187
bendato,2188
charmingli,2189
castl,2190
lie,2191
hidden,2192
cinta,2193
colonnata,2194
bordo,2195
orvieto,2196
nobl,2197
peruvian,2198
nebrodi,2199
everyday,2200
burano,2201
au,2202
rana,2203
workmanship,2204
solopiemont,2205
majest,2206
caruso,2207
terlano,2208
claudio,2209
chitterl,2210
drip,2211
guancialino,2212
ellipt,2213
valentia,2214
hardli,2215
11,2216
cosylittl,2217
segreta,2218
1949,2219
massimo,2220
written,2221
bernardi,2222
reimund,2223
overview,2224
ra,2225
marjoram,2226
cozzi,2227
savoy,2228
enabl,2229
directli,2230
maltagliati,2231
sitzigorru,2232
solid,2233
bacaro,2234
fiumicino,2235
undoubt,2236
retro,2237
gorini,2238
elabor,2239
troop,2240
orlando,2241
california,2242
horsesho,2243
lakefront,2244
intim,2245
cantin,2246
enclos,2247
dei,2248
capocollo,2249
fiorella,2250
girl,2251
marzio,2252
volterra,2253
moro,2254
feuill,2255
muro,2256
revolv,2257
luna,2258
sformatino,2259
breuil,2260
sculptor,2261
bagna,2262
sotto,2263
infus,2264
satnav,2265
plung,2266
letter,2267
emblem,2268
senator,2269
fusillon,2270
loprior,2271
baia,2272
castelpoto,2273
gorgnalini,2274
ramo,2275
salsa,2276
wend,2277
acquarol,2278
french,2279
souvenir,2280
praiano,2281
elli,2282
hallmark,2283
teles,2284
quicker,2285
christian,2286
theoret,2287
micro,2288
verdant,2289
accommod,2290
nut,2291
ramata,2292
lucchesi,2293
la,2294
book,2295
hectar,2296
toast,2297
juic,2298
best,2299
loung,2300
quinto,2301
leon,2302
ciliegi,2303
apreda,2304
contaminazioni,2305
angelica,2306
reviv,2307
guidi,2308
cure,2309
bouch,2310
fabric,2311
heavi,2312
felic,2313
volcano,2314
stile,2315
attimi,2316
seneca,2317
terri,2318
brunner,2319
declinata,2320
cosi,2321
enzo,2322
confus,2323
cheer,2324
omaggio,2325
sitea,2326
candi,2327
gourmet,2328
caravella,2329
ceram,2330
suspend,2331
impronta,2332
risorgimento,2333
futura,2334
oristano,2335
ciro,2336
battipaglia,2337
newli,2338
leopoldo,2339
crumb,2340
carlofortinian,2341
undiminish,2342
cappelli,2343
select,2344
trendiest,2345
disturb,2346
eat,2347
countrysid,2348
fort,2349
granddaught,2350
capri,2351
laticauda,2352
1895,2353
chessa,2354
fold,2355
profession,2356
stud,2357
armchair,2358
modest,2359
owe,2360
reopen,2361
strong,2362
certainli,2363
montreal,2364
modica,2365
sorrento,2366
see,2367
savor,2368
ignor,2369
coppa,2370
aversa,2371
problem,2372
imit,2373
whitewash,2374
chianina,2375
knowledg,2376
pistachio,2377
bartolucci,2378
heiss,2379
nerina,2380
gricia,2381
streamlin,2382
ravarotto,2383
mosaic,2384
her,2385
grasso,2386
sodano,2387
pu,2388
liveli,2389
eden,2390
chicken,2391
immedi,2392
similar,2393
week,2394
busi,2395
enea,2396
peel,2397
pordenon,2398
frame,2399
carrega,2400
sear,2401
hay,2402
gipponi,2403
vibe,2404
irpinia,2405
edg,2406
advantag,2407
uninterrupt,2408
toward,2409
breda,2410
suckl,2411
mattei,2412
artist,2413
heroic,2414
partli,2415
hazelnut,2416
marci,2417
sparkl,2418
regal,2419
woodland,2420
calf,2421
express,2422
tale,2423
district,2424
coton,2425
toritto,2426
research,2427
painstak,2428
1911,2429
della,2430
punctual,2431
platform,2432
galaxi,2433
beat,2434
boathous,2435
baroni,2436
gastro,2437
henri,2438
brembo,2439
grano,2440
fermo,2441
astonish,2442
canal,2443
thegrand,2444
bird,2445
bought,2446
almond,2447
fine,2448
jurist,2449
visconti,2450
genoa,2451
eclect,2452
bollat,2453
unrival,2454
alcherm,2455
class,2456
found,2457
5,2458
da,2459
tireless,2460
stone,2461
hashbe,2462
plessi,2463
puff,2464
patch,2465
studio,2466
capabl,2467
quantiti,2468
visit,2469
50ha,2470
lava,2471
pappa,2472
sarri,2473
cannot,2474
applaud,2475
pumpkin,2476
discreetli,2477
santino,2478
teriyaki,2479
perno,2480
lumen,2481
vera,2482
inner,2483
ivana,2484
atzeni,2485
magnum,2486
ostuni,2487
ennio,2488
gualtieri,2489
1848,2490
lezzereni,2491
capo,2492
postomean,2493
malp,2494
curri,2495
acacia,2496
padana,2497
cefal,2498
laera,2499
apennin,2500
teodoro,2501
baglieri,2502
susanna,2503
widespread,2504
quadrilater,2505
chimichurri,2506
quintilio,2507
indoor,2508
lowland,2509
manger,2510
singl,2511
pfanner,2512
comfort,2513
swordfish,2514
tuttoilresto,2515
sine,2516
biennal,2517
cassata,2518
trademark,2519
romagnolo,2520
counterpart,2521
mundo,2522
lombardi,2523
castelvecchio,2524
faenza,2525
nordic,2526
besana,2527
rossi,2528
riviera,2529
transpar,2530
sens,2531
sticker,2532
heard,2533
angelo,2534
mazzarel,2535
11am,2536
cucina,2537
fridg,2538
cost,2539
fillet,2540
rosita,2541
chieppa,2542
corvara,2543
pescocostanzo,2544
sonya,2545
miss,2546
arbour,2547
circella,2548
quirinal,2549
monferrini,2550
insist,2551
charcuteri,2552
2km,2553
champagn,2554
orchestr,2555
zhejiang,2556
magic,2557
blaze,2558
cedro,2559
gondola,2560
kuccagna,2561
natalini,2562
sorbir,2563
samphir,2564
municip,2565
liquid,2566
horsemeat,2567
part,2568
venosta,2569
crudo,2570
rosmarino,2571
epoca,2572
san,2573
experiment,2574
gambino,2575
affogato,2576
marco,2577
evelyn,2578
roquefort,2579
qcina,2580
trendier,2581
delight,2582
bun,2583
indic,2584
colour,2585
taurasi,2586
prestigi,2587
capac,2588
would,2589
pour,2590
anch,2591
stream,2592
tomberli,2593
deeper,2594
ugo,2595
golpaia,2596
crouton,2597
sardin,2598
post,2599
ameno,2600
pianist,2601
photographi,2602
produttori,2603
stair,2604
trafilata,2605
croccantezza,2606
teverini,2607
eight,2608
curd,2609
dioces,2610
perfect,2611
ivrea,2612
forc,2613
attempt,2614
napolitan,2615
shiroya,2616
hostelri,2617
andrea,2618
five,2619
wander,2620
method,2621
smoke,2622
baracchi,2623
ciclopi,2624
plaza,2625
regi,2626
reassur,2627
yellow,2628
commun,2629
pink,2630
coxinendi,2631
angler,2632
exclus,2633
pasticceria,2634
sale,2635
padr,2636
ps,2637
nzelhof,2638
quit,2639
soft,2640
bronzo,2641
carpaccio,2642
herbal,2643
vinaigrett,2644
sunday,2645
verbania,2646
heed,2647
whichev,2648
gnocchi,2649
spici,2650
pizzetta,2651
richli,2652
fettuccin,2653
framework,2654
avenu,2655
sei,2656
aimo,2657
therasia,2658
oper,2659
letterina,2660
michelina,2661
vasocottura,2662
gucci,2663
monza,2664
difficult,2665
bordighera,2666
seem,2667
mini,2668
kosovo,2669
paraggi,2670
breed,2671
carpigiani,2672
fritter,2673
bra,2674
apricot,2675
finanziera,2676
extern,2677
task,2678
impli,2679
reclam,2680
via,2681
round,2682
evangelista,2683
undeni,2684
cracco,2685
dv,2686
continu,2687
ident,2688
techniqu,2689
mercato,2690
lodg,2691
cash,2692
marca,2693
vil,2694
brilliant,2695
lookout,2696
burratina,2697
extra,2698
giancarlo,2699
busiest,2700
1717,2701
export,2702
forl,2703
lonigo,2704
skier,2705
pillar,2706
golfi,2707
southernmost,2708
pedestrianis,2709
10th,2710
durat,2711
gravit,2712
termini,2713
ambassador,2714
stigghiola,2715
yoghurt,2716
officina,2717
respit,2718
prepar,2719
lot,2720
casa,2721
whitebait,2722
reduct,2723
playground,2724
elvira,2725
dess,2726
splash,2727
fortana,2728
scampi,2729
camp,2730
drop,2731
nunziata,2732
blu,2733
televis,2734
storico,2735
aplomb,2736
pet,2737
skimp,2738
constantli,2739
eighth,2740
sangro,2741
appeal,2742
oblig,2743
intertwin,2744
roof,2745
espelett,2746
restrain,2747
andreina,2748
liquida,2749
impress,2750
quickli,2751
behind,2752
member,2753
vs,2754
chequer,2755
stand,2756
founder,2757
appreci,2758
sanbrit,2759
rehabilit,2760
entic,2761
ladl,2762
formazza,2763
sardinia,2764
abbazia,2765
finer,2766
palat,2767
vita,2768
tronto,2769
cacciator,2770
veal,2771
lord,2772
ham,2773
spinechil,2774
piz,2775
grenier,2776
choic,2777
parmens,2778
gentian,2779
sri,2780
manchego,2781
luciana,2782
twelv,2783
calistri,2784
pool,2785
keyston,2786
bacoli,2787
emblemat,2788
colorata,2789
festiv,2790
baglio,2791
montagna,2792
ciuffetelli,2793
hut,2794
monti,2795
accanto,2796
evid,2797
etna,2798
issa,2799
quest,2800
bravo,2801
superb,2802
seeport,2803
thistl,2804
caponata,2805
garda,2806
hewn,2807
riso,2808
attilio,2809
impass,2810
order,2811
bottoni,2812
forgiv,2813
150m,2814
john,2815
withpiadineflatbread,2816
varignana,2817
imperi,2818
giacomello,2819
hamlet,2820
lagunamar,2821
lap,2822
fiamma,2823
masterli,2824
circular,2825
eponym,2826
laura,2827
brioch,2828
tantalis,2829
santini,2830
omelett,2831
friuli,2832
reliabl,2833
print,2834
neighbourhood,2835
strombolicchio,2836
1957,2837
aloi,2838
fasolato,2839
ambienc,2840
rapini,2841
scalera,2842
berghotel,2843
tortonesi,2844
soldier,2845
gabicc,2846
phi,2847
piazza,2848
tombola,2849
fee,2850
type,2851
expos,2852
interact,2853
concis,2854
andr,2855
chicori,2856
yuzu,2857
reli,2858
global,2859
anoth,2860
convey,2861
sensori,2862
around,2863
incorpor,2864
mention,2865
connect,2866
2001,2867
fernando,2868
patti,2869
mansion,2870
boer,2871
focacceria,2872
unpredict,2873
phone,2874
rule,2875
molis,2876
dant,2877
enough,2878
longest,2879
barbara,2880
ravenna,2881
mattara,2882
mayr,2883
palazzi,2884
place,2885
chemistri,2886
leccarda,2887
neri,2888
rum,2889
firework,2890
cinnamon,2891
somewhat,2892
bougainvillea,2893
superior,2894
norbert,2895
tyroles,2896
volum,2897
cannolo,2898
1965,2899
watermil,2900
gargioli,2901
bad,2902
costum,2903
ancestor,2904
sini,2905
20min,2906
popolo,2907
teramo,2908
quinson,2909
cardelli,2910
cacio,2911
acqua,2912
camomil,2913
berico,2914
fabio,2915
cavolo,2916
pave,2917
slowli,2918
buchteln,2919
vicentina,2920
naval,2921
peca,2922
cantarelli,2923
presidiana,2924
lucca,2925
zelo,2926
wholem,2927
highli,2928
illumin,2929
sumptuou,2930
payabl,2931
drawback,2932
caramel,2933
senigallia,2934
busa,2935
surround,2936
frico,2937
chestnut,2938
valid,2939
two,2940
sesso,2941
caponada,2942
sunset,2943
giandomenico,2944
andgelato,2945
preziosa,2946
1969,2947
500,2948
guilio,2949
agnolotti,2950
indonesian,2951
cime,2952
arcinazzo,2953
filosofi,2954
plate,2955
aspect,2956
bore,2957
frisel,2958
puglian,2959
theme,2960
cum,2961
machin,2962
loos,2963
seabream,2964
oneglia,2965
stalwart,2966
coniglio,2967
gianluca,2968
trota,2969
map,2970
beck,2971
monteriggioni,2972
light,2973
afraid,2974
input,2975
countri,2976
cicada,2977
guard,2978
introduc,2979
label,2980
franca,2981
bro,2982
moessmer,2983
hide,2984
marchesi,2985
f,2986
pompei,2987
proudli,2988
ciaffagnon,2989
therapi,2990
ricorda,2991
io,2992
escarol,2993
luca,2994
distinguish,2995
plant,2996
condiment,2997
glowig,2998
raf,2999
capitolo,3000
tall,3001
loyal,3002
orta,3003
compatriot,3004
western,3005
born,3006
trucco,3007
hors,3008
palladiana,3009
tapa,3010
morra,3011
orto,3012
thecasol,3013
reggia,3014
pontino,3015
adri,3016
england,3017
cuor,3018
sbrisolona,3019
belludia,3020
15th,3021
aubergin,3022
lmo,3023
savio,3024
palamita,3025
trolley,3026
unusu,3027
tackl,3028
firm,3029
mad100,3030
aspic,3031
contrada,3032
vers,3033
curli,3034
reason,3035
sweep,3036
heat,3037
1865,3038
opra,3039
sono,3040
sauc,3041
casentino,3042
public,3043
cool,3044
step,3045
pata,3046
sontuosi,3047
chic,3048
prove,3049
bassa,3050
chi,3051
fritti,3052
send,3053
fidati,3054
feltr,3055
300,3056
luserna,3057
feria,3058
sutri,3059
tri,3060
aim,3061
panoram,3062
ventricina,3063
cegli,3064
pupil,3065
shave,3066
architectur,3067
compens,3068
scrupul,3069
dietro,3070
pepenero,3071
alik,3072
mahogani,3073
travel,3074
stefano,3075
silkworm,3076
cat,3077
grandi,3078
april,3079
bao,3080
will,3081
nel,3082
elia,3083
saracca,3084
stracchino,3085
farewel,3086
grill,3087
alessandro,3088
cut,3089
miramonti,3090
compromis,3091
charg,3092
ferri,3093
seral,3094
flag,3095
sceneri,3096
power,3097
cocoa,3098
peanut,3099
someth,3100
fall,3101
corbusi,3102
gong,3103
paradigma,3104
clandestino,3105
rospigliosi,3106
castelfranco,3107
palai,3108
pancotto,3109
conclus,3110
loop,3111
matter,3112
granari,3113
clich,3114
decid,3115
madonnina,3116
conserv,3117
son,3118
sapidit,3119
foremost,3120
scomponibili,3121
casoncelli,3122
redevelop,3123
ai,3124
banquet,3125
castrocaro,3126
self,3127
furor,3128
casamicciola,3129
brut,3130
confid,3131
pear,3132
sake,3133
raffael,3134
160,3135
pot,3136
champagneria,3137
pallanza,3138
malcesin,3139
gastrosteria,3140
thought,3141
movi,3142
slovenia,3143
afor,3144
interior,3145
borgobrufa,3146
varella,3147
infanzia,3148
gianni,3149
santo,3150
oro,3151
bluh,3152
bartolini,3153
mandatori,3154
bacon,3155
largest,3156
perez,3157
impos,3158
acquapetra,3159
kimchi,3160
histori,3161
tild,3162
nonna,3163
archaeolog,3164
enel,3165
windsor,3166
statuett,3167
vares,3168
year,3169
duca,3170
scorzon,3171
jelli,3172
emphasis,3173
shown,3174
negra,3175
blancmang,3176
sanremo,3177
helm,3178
bab,3179
idea,3180
ernesto,3181
piedmont,3182
museum,3183
carta,3184
favorita,3185
lane,3186
biafora,3187
campanian,3188
tip,3189
graduat,3190
kong,3191
luisl,3192
roberto,3193
champion,3194
delta,3195
tragara,3196
farmer,3197
convivi,3198
lamezia,3199
forbu,3200
onofrio,3201
aviano,3202
tajarin,3203
nunzio,3204
landi,3205
tend,3206
await,3207
1940,3208
request,3209
veget,3210
eleph,3211
vermentino,3212
ahead,3213
patrignano,3214
southern,3215
girella,3216
migliaccio,3217
seemingli,3218
santoro,3219
pietropaoli,3220
beacon,3221
ticket,3222
tooth,3223
preserv,3224
take,3225
breadcrumb,3226
crenel,3227
craft,3228
boccadass,3229
campidano,3230
sfincion,3231
thailand,3232
emot,3233
solaika,3234
vedel,3235
abroad,3236
tripe,3237
golden,3238
reconnect,3239
mount,3240
1919,3241
newer,3242
organis,3243
triangl,3244
colmetto,3245
asiago,3246
cream,3247
vendemmia,3248
cuttlefish,3249
latemar,3250
gilberto,3251
piselli,3252
absolut,3253
sever,3254
mundan,3255
essenzial,3256
alley,3257
vale,3258
proto,3259
agavi,3260
solo,3261
seriou,3262
intent,3263
buff,3264
cow,3265
cetona,3266
exalt,3267
nestl,3268
bocca,3269
1954,3270
dolomieu,3271
creativefuori,3272
alberto,3273
involtini,3274
honey,3275
preposit,3276
esordi,3277
quintogusto,3278
ingalera,3279
childhood,3280
hundr,3281
vais,3282
ficotto,3283
leopard,3284
goos,3285
ring,3286
field,3287
agrituristica,3288
rosso,3289
rho,3290
lastli,3291
hibiscu,3292
prosperi,3293
acquolina,3294
sustain,3295
merit,3296
expand,3297
fennel,3298
risen,3299
albeit,3300
textur,3301
azur,3302
pomposa,3303
regularli,3304
document,3305
grandma,3306
chiaracia,3307
embark,3308
stabl,3309
pancetta,3310
anonym,3311
overlook,3312
sailboat,3313
sliver,3314
boccondivino,3315
squar,3316
bitter,3317
underst,3318
salada,3319
giovanni,3320
clock,3321
depict,3322
hero,3323
rossini,3324
serendipico,3325
dish,3326
brill,3327
showroom,3328
singer,3329
peasant,3330
suit,3331
bislacco,3332
laqua,3333
person,3334
caputo,3335
interestingli,3336
tuber,3337
beverag,3338
aic,3339
virginia,3340
memorabilia,3341
scorzonera,3342
toblino,3343
spaghetton,3344
fagon,3345
locali,3346
slope,3347
welfar,3348
polda,3349
viaggi,3350
vittorio,3351
oili,3352
essenc,3353
flourish,3354
quel,3355
aspro,3356
chalk,3357
specialti,3358
1977,3359
giardini,3360
hilli,3361
thecarbonara,3362
posti,3363
paola,3364
fenicottero,3365
joy,3366
contact,3367
cashew,3368
bazzano,3369
late,3370
bream,3371
buffalo,3372
mont,3373
wagyubeef,3374
maritozzo,3375
rib,3376
taragna,3377
refurbish,3378
immens,3379
trento,3380
silenc,3381
exit,3382
pigeon,3383
reappear,3384
layer,3385
terrazza,3386
remi,3387
farmyard,3388
refrigeri,3389
fattori,3390
artisan,3391
cordevigo,3392
crown,3393
ilario,3394
femal,3395
meter,3396
pipe,3397
anthoni,3398
talk,3399
2019,3400
donato,3401
anchovi,3402
vero,3403
parsley,3404
friday,3405
totano,3406
guis,3407
emozioni,3408
entitl,3409
milk,3410
craftsmanship,3411
tortellini,3412
restaurateur,3413
camia,3414
l,3415
refug,3416
featur,3417
17c,3418
salinari,3419
sun,3420
inherit,3421
alpeggio,3422
ground,3423
relev,3424
ancestr,3425
sla,3426
weav,3427
learn,3428
montefollonico,3429
cabl,3430
piccolo,3431
fisheri,3432
cornerston,3433
spotlight,3434
realiti,3435
badia,3436
limonaia,3437
unfussi,3438
ambiti,3439
vicciola,3440
elich,3441
2018,3442
break,3443
parlour,3444
willing,3445
tandoori,3446
falconier,3447
workshop,3448
leather,3449
posillipo,3450
curtaton,3451
grand,3452
taught,3453
relationship,3454
storici,3455
display,3456
white,3457
new,3458
tagliatel,3459
american,3460
nuova,3461
alba,3462
oltrep,3463
milano,3464
baron,3465
eel,3466
inc,3467
narrow,3468
jerusalem,3469
boundari,3470
inclement,3471
luciano,3472
peat,3473
nib,3474
schio,3475
strudel,3476
herbier,3477
excellentcostoletta,3478
avant,3479
una,3480
sforzesco,3481
respect,3482
pre,3483
taglienti,3484
boil,3485
weekday,3486
montebor,3487
stara,3488
raft,3489
access,3490
shorter,3491
effect,3492
agricultur,3493
ade,3494
venetian,3495
credenti,3496
children,3497
think,3498
voce,3499
ethic,3500
translat,3501
fabrizio,3502
motorway,3503
advis,3504
escabech,3505
birthday,3506
nazioni,3507
frothi,3508
group,3509
antipasto,3510
quintino,3511
coloni,3512
qafiz,3513
cappellaccio,3514
reign,3515
satisfi,3516
mutton,3517
seen,3518
maria,3519
53,3520
esperanto,3521
tilia,3522
nutriti,3523
adorn,3524
black,3525
great,3526
stretch,3527
team,3528
nobilt,3529
pleasant,3530
flock,3531
worthwhil,3532
byron,3533
granda,3534
brodo,3535
warmli,3536
postorino,3537
juri,3538
gradual,3539
scarallo,3540
bend,3541
movement,3542
diet,3543
mollica,3544
rebuilt,3545
anghiari,3546
scenic,3547
timeless,3548
meringu,3549
peopl,3550
treasur,3551
tuscani,3552
sadler,3553
join,3554
mezzanin,3555
sincer,3556
logo,3557
zippl,3558
dinner,3559
recal,3560
arco,3561
gamay,3562
centenari,3563
gestur,3564
societ,3565
climb,3566
eugenio,3567
messina,3568
medici,3569
lentil,3570
splendid,3571
affinita,3572
moirago,3573
jam,3574
25,3575
simonato,3576
african,3577
tortino,3578
metallifer,3579
patio,3580
rapa,3581
lamp,3582
altrettanto,3583
campania,3584
minimis,3585
stanzion,3586
genoveffa,3587
comunal,3588
hoc,3589
blanch,3590
rosa,3591
situat,3592
cevich,3593
carmagnola,3594
pastur,3595
torchiettibistro,3596
championship,3597
chees,3598
hairpin,3599
1km,3600
embellish,3601
beccafico,3602
favour,3603
walk,3604
coriand,3605
vegan,3606
flavor,3607
zaki,3608
umbrin,3609
conjur,3610
isol,3611
opt,3612
game,3613
melania,3614
meticul,3615
trophi,3616
simpler,3617
term,3618
saut,3619
reggio,3620
ask,3621
bottura,3622
tofana,3623
current,3624
outsid,3625
petit,3626
biohotel,3627
variat,3628
ciotti,3629
speck,3630
lazian,3631
mop,3632
osteria,3633
serra,3634
clever,3635
lopez,3636
belveder,3637
ottima,3638
brasseri,3639
resin,3640
alla,3641
thing,3642
giustino,3643
zabaglion,3644
assur,3645
fertil,3646
shallot,3647
placemat,3648
lomellina,3649
pescator,3650
fool,3651
bracali,3652
carbonara,3653
far,3654
nole,3655
brais,3656
coco,3657
cipressi,3658
pine,3659
spa,3660
column,3661
reduc,3662
cusumano,3663
tree,3664
quasi,3665
gin,3666
1126,3667
retain,3668
least,3669
trade,3670
thorough,3671
liqueur,3672
chard,3673
duck,3674
hip,3675
beurr,3676
equal,3677
ghezzi,3678
reggiano,3679
becom,3680
mislead,3681
pension,3682
1945,3683
intens,3684
mango,3685
500m,3686
porcelain,3687
feltrin,3688
cart,3689
entir,3690
palmento,3691
senes,3692
tassa,3693
annamaria,3694
scotti,3695
bacchu,3696
excelsior,3697
piedmontes,3698
mouss,3699
le,3700
bino,3701
padova,3702
ciambella,3703
apt,3704
itscipolla,3705
overseen,3706
compet,3707
tavern,3708
poder,3709
lush,3710
bottega,3711
dall,3712
aragones,3713
vigevano,3714
laurin,3715
pressati,3716
resound,3717
cossio,3718
misl,3719
gola,3720
fire,3721
unfold,3722
pizza,3723
promontori,3724
tortellino,3725
riccardo,3726
chronopoulo,3727
although,3728
mantuan,3729
prelud,3730
away,3731
lighter,3732
blumenstub,3733
perch,3734
1906,3735
vineyard,3736
finger,3737
arcad,3738
mongiat,3739
94,3740
lorena,3741
unit,3742
piev,3743
b,3744
fore,3745
roam,3746
lanza,3747
maritim,3748
accept,3749
snowcat,3750
silk,3751
prosecco,3752
novi,3753
diario,3754
mallow,3755
initi,3756
distil,3757
courtesi,3758
caravaggio,3759
uncompromis,3760
fano,3761
lillybet,3762
neat,3763
clement,3764
ingles,3765
1890,3766
piemontes,3767
softer,3768
therefor,3769
farnes,3770
granita,3771
todi,3772
palac,3773
lago,3774
whose,3775
eater,3776
burgundi,3777
almost,3778
tower,3779
cuneo,3780
stall,3781
work,3782
hen,3783
beam,3784
vermouth,3785
greater,3786
majolica,3787
miori,3788
sugo,3789
grillo,3790
charcoal,3791
tenor,3792
marsala,3793
guesthous,3794
salesman,3795
convert,3796
subtli,3797
degre,3798
flake,3799
motto,3800
sile,3801
agro,3802
strongli,3803
especi,3804
dip,3805
pile,3806
overwhelm,3807
remo,3808
ceramist,3809
household,3810
slightli,3811
pasticcio,3812
breath,3813
colombano,3814
gene,3815
giacchini,3816
thank,3817
taco,3818
fabrizi,3819
uda,3820
portrait,3821
privat,3822
redefin,3823
panissa,3824
suili,3825
marubini,3826
korean,3827
lattuga,3828
signal,3829
obviou,3830
1910,3831
ember,3832
invent,3833
sourc,3834
kelina,3835
contemporari,3836
18th,3837
zarri,3838
masashi,3839
verit,3840
tailor,3841
abil,3842
niko,3843
cours,3844
metalwork,3845
page,3846
paid,3847
gallar,3848
cold,3849
der,3850
lugagnano,3851
switzerland,3852
shipyard,3853
hummu,3854
michela,3855
dress,3856
essenti,3857
garbanzo,3858
cambio,3859
zabaion,3860
dentex,3861
romani,3862
maial,3863
autumn,3864
elid,3865
bigoli,3866
palamaro,3867
celest,3868
rasa,3869
keen,3870
romano,3871
1804,3872
stalk,3873
forest,3874
garag,3875
rebrand,3876
warrior,3877
1704,3878
marra,3879
iconica,3880
100ha,3881
corso,3882
montes,3883
kombucha,3884
tirtlan,3885
giardiniera,3886
ostentati,3887
caciucco,3888
theorsoburg,3889
vecio,3890
taral,3891
caciocavallo,3892
belt,3893
frequent,3894
guado,3895
pomegran,3896
beach,3897
giacinto,3898
clime,3899
flexibl,3900
cannelloni,3901
onyx,3902
monterosso,3903
saint,3904
sui,3905
narrowest,3906
hand,3907
run,3908
langosteria,3909
pirandello,3910
nowaday,3911
palagio,3912
canada,3913
timbal,3914
design,3915
experienc,3916
missoltino,3917
though,3918
trasimeno,3919
wherea,3920
replac,3921
joint,3922
ciucci,3923
dwell,3924
bread,3925
drive,3926
procedur,3927
parmigiana,3928
bright,3929
30,3930
isid,3931
maison,3932
neo,3933
battistoni,3934
basement,3935
cuomo,3936
moreno,3937
succumb,3938
gallo,3939
lard,3940
broader,3941
vignola,3942
inter,3943
tender,3944
bottagisio,3945
milanes,3946
palm,3947
2016,3948
industri,3949
fumag,3950
tart,3951
vie,3952
jorg,3953
kal,3954
artemid,3955
vertic,3956
saffron,3957
cicetta,3958
remodel,3959
bouchard,3960
macaroni,3961
brickwork,3962
bronz,3963
orobica,3964
bolsena,3965
gold,3966
chessboard,3967
valzelli,3968
euro,3969
genoves,3970
offshoot,3971
beneventano,3972
apricena,3973
middl,3974
filippino,3975
cimini,3976
section,3977
vin,3978
librari,3979
inject,3980
feltrinelli,3981
destin,3982
elegantli,3983
emerg,3984
2,3985
costa,3986
agnes,3987
oberwirt,3988
equip,3989
spilimbergo,3990
urban,3991
fame,3992
cristo,3993
moder,3994
piola,3995
flurin,3996
romanesco,3997
covet,3998
weak,3999
naxo,4000
tournedo,4001
walnut,4002
cartosio,4003
vaiani,4004
ambit,4005
gnudi,4006
trinit,4007
slaughterhous,4008
pievasciata,4009
contamin,4010
right,4011
site,4012
chandeli,4013
primit,4014
sein,4015
motiv,4016
vision,4017
talent,4018
speed,4019
cantucci,4020
emin,4021
gravi,4022
mellino,4023
toceno,4024
bagni,4025
scordo,4026
roero,4027
guida,4028
ztl,4029
luxuri,4030
homemad,4031
biedermei,4032
gut,4033
valu,4034
recco,4035
odyssey,4036
zhou,4037
treviso,4038
individu,4039
oasi,4040
detail,4041
1960,4042
mora,4043
nuovo,4044
oltr,4045
iacobucci,4046
sprout,4047
galileo,4048
palomba,4049
chicco,4050
francon,4051
wealth,4052
lovag,4053
arcangelo,4054
pivot,4055
scala,4056
vinei,4057
bare,4058
ricotta,4059
maratea,4060
next,4061
ortica,4062
dairi,4063
remind,4064
scallop,4065
morsi,4066
albenga,4067
asolo,4068
folli,4069
glorenza,4070
basilicata,4071
pock,4072
nervi,4073
unavoid,4074
dallamano,4075
dual,4076
takahiko,4077
bellingeri,4078
lambrusco,4079
sangiovesi,4080
return,4081
taormina,4082
promot,4083
ox,4084
ruffl,4085
pellicano,4086
universit,4087
econom,4088
veneto,4089
pell,4090
fortunato,4091
gerri,4092
fondazion,4093
fairli,4094
branch,4095
crow,4096
got,4097
viterbo,4098
sampl,4099
margherita,4100
devot,4101
disappear,4102
process,4103
everyth,4104
cement,4105
gianicolo,4106
modifi,4107
tirtl,4108
brunch,4109
flavia,4110
stack,4111
candl,4112
steam,4113
home,4114
1693,4115
sansepolcro,4116
sicignano,4117
minimi,4118
marko,4119
caramelis,4120
newest,4121
cason,4122
artichok,4123
move,4124
nautilu,4125
casamadr,4126
gioia,4127
portion,4128
battisti,4129
silverwar,4130
radish,4131
makor,4132
till,4133
apart,4134
fifth,4135
friend,4136
locatello,4137
broke,4138
vico,4139
loss,4140
dough,4141
greeneri,4142
alkerm,4143
beef,4144
unforgett,4145
kr,4146
africa,4147
bono,4148
wind,4149
dna,4150
gremolata,4151
environment,4152
minim,4153
dream,4154
prolong,4155
cestello,4156
dorona,4157
creativetapasinfluenc,4158
ochr,4159
australia,4160
classi,4161
perpendicular,4162
capitan,4163
catherin,4164
bed,4165
pesticid,4166
parallelsmenu,4167
rossella,4168
polpo,4169
night,4170
juan,4171
fonduta,4172
cliff,4173
profil,4174
sophist,4175
chiavari,4176
narducci,4177
agli,4178
palazzolo,4179
uruguay,4180
garattoni,4181
prototyp,4182
1602,4183
fountain,4184
royalhotel,4185
reveal,4186
pacchero,4187
recreat,4188
murgia,4189
adept,4190
forio,4191
ciccio,4192
fenoglio,4193
due,4194
big,4195
marotta,4196
jewel,4197
sip,4198
hot,4199
sassolungo,4200
execut,4201
observ,4202
mantova,4203
rovereto,4204
ingredi,4205
asou,4206
afternoon,4207
ortigia,4208
tumbl,4209
marches,4210
uliassi,4211
seafront,4212
venic,4213
ravinetto,4214
unsuccess,4215
suggestioni,4216
archestrato,4217
easier,4218
morti,4219
sport,4220
waltz,4221
oval,4222
alcov,4223
undisput,4224
ponza,4225
nella,4226
rimini,4227
floral,4228
galli,4229
asti,4230
pig,4231
penna,4232
arnolfo,4233
egg,4234
15km,4235
necessarili,4236
savouri,4237
cilento,4238
pagnotto,4239
malga,4240
agostino,4241
ladinia,4242
pranzo,4243
firma,4244
arrang,4245
celebr,4246
exact,4247
ellipsoid,4248
proceed,4249
ginger,4250
littl,4251
canino,4252
terni,4253
wrong,4254
princip,4255
montepulciano,4256
amus,4257
overal,4258
trap,4259
cusago,4260
monzaluganegasausag,4261
inland,4262
acoust,4263
sinc,4264
amor,4265
disappoint,4266
green,4267
across,4268
xx,4269
stress,4270
anchor,4271
recanati,4272
enchant,4273
uniqu,4274
lina,4275
versatil,4276
haller,4277
heritag,4278
60km,4279
clear,4280
frantoio,4281
judg,4282
ostiens,4283
roman,4284
dire,4285
sashimi,4286
paper,4287
liberti,4288
mood,4289
recharg,4290
svetoni,4291
600m,4292
gala,4293
piacenza,4294
creami,4295
bianconi,4296
craftsmen,4297
adler,4298
explos,4299
carrello,4300
serendib,4301
brera,4302
vigiliu,4303
tola,4304
palazzo,4305
conchiglioni,4306
sauri,4307
vanacor,4308
naiv,4309
ultra,4310
vulcanello,4311
carriag,4312
castelvetro,4313
illustr,4314
guinea,4315
natura,4316
1912,4317
duti,4318
paprika,4319
cantina,4320
waiter,4321
iberian,4322
giovan,4323
harbour,4324
spell,4325
susci,4326
leg,4327
bellagio,4328
easi,4329
codol,4330
leek,4331
bassetti,4332
philosophi,4333
bain,4334
beansprout,4335
pavement,4336
inn,4337
1930,4338
ovo,4339
piacentina,4340
n,4341
nicola,4342
network,4343
offal,4344
fleme,4345
angela,4346
distinctli,4347
sfoglia,4348
condit,4349
rome,4350
rack,4351
air,4352
magnini,4353
scicli,4354
market,4355
focus,4356
antonello,4357
zur,4358
frammenti,4359
european,4360
tordelli,4361
sound,4362
cheesecak,4363
dobbiaco,4364
slop,4365
osmosi,4366
bellaria,4367
bottl,4368
church,4369
terracina,4370
camino,4371
passion,4372
nav,4373
erb,4374
oxtail,4375
shoulder,4376
signatur,4377
manich,4378
flee,4379
suriano,4380
succe,4381
mapl,4382
sibl,4383
marinara,4384
persuad,4385
fuenti,4386
crab,4387
point,4388
simpli,4389
circolino,4390
couli,4391
mia,4392
stray,4393
clitunno,4394
argentina,4395
sacchi,4396
gaspari,4397
oleand,4398
pap,4399
time,4400
baita,4401
tortelloni,4402
tano,4403
foligno,4404
scene,4405
prati,4406
sordi,4407
scorpion,4408
michel,4409
mandura,4410
acquedotto,4411
pomodoro,4412
gleam,4413
famousgallegaandwagyu,4414
foam,4415
emuls,4416
mascia,4417
conservatori,4418
sheep,4419
softli,4420
daylight,4421
colomb,4422
prawn,4423
miraval,4424
peru,4425
high,4426
ne,4427
amidst,4428
fifteen,4429
space,4430
fail,4431
grow,4432
wonder,4433
ligur,4434
nostalgia,4435
col,4436
cervinia,4437
staf,4438
takeshi,4439
chip,4440
nurtur,4441
rosina,4442
romeo,4443
hintner,4444
minestra,4445
contigliano,4446
parolina,4447
nitto,4448
monferrato,4449
delmont,4450
selva,4451
read,4452
parma,4453
gatti,4454
rein,4455
opitergium,4456
sio,4457
chutney,4458
total,4459
fair,4460
pizzeria,4461
undergon,4462
sheepfold,4463
1903,4464
50th,4465
povera,4466
costarella,4467
pleasingli,4468
guancial,4469
fortifi,4470
fix,4471
goat,4472
cypress,4473
suppli,4474
plissn,4475
essenza,4476
paradis,4477
thread,4478
pedestrian,4479
predomin,4480
quarter,4481
assist,4482
gel,4483
fiat,4484
gloriou,4485
creativo,4486
appealingli,4487
saturday,4488
help,4489
chatgpt,4490
croce,4491
sculptur,4492
target,4493
taverna,4494
francesco,4495
greet,4496
ionian,4497
migrant,4498
pair,4499
nissen,4500
valeria,4501
filanda,4502
strictli,4503
cater,4504
sommeli,4505
1862,4506
iron,4507
warehous,4508
triumph,4509
note,4510
sparingli,4511
tartlet,4512
prenestino,4513
cheek,4514
camaldoli,4515
nino,4516
rare,4517
rino,4518
build,4519
tristan,4520
4,4521
mazara,4522
combin,4523
melt,4524
falser,4525
peppino,4526
beretta,4527
fulli,4528
asanolini,4529
tafuri,4530
banco,4531
rotat,4532
unstuffi,4533
bellini,4534
fishermen,4535
raviolo,4536
apostl,4537
capres,4538
bakeri,4539
asina,4540
old,4541
savarin,4542
ferment,4543
moura,4544
alon,4545
tarallo,4546
lack,4547
otto,4548
gi,4549
appli,4550
pilgrim,4551
misto,4552
control,4553
lanteri,4554
daria,4555
residenti,4556
palmi,4557
chapter,4558
seafood,4559
teem,4560
stephan,4561
bucchero,4562
form,4563
murges,4564
warmer,4565
10,4566
underpin,4567
asbacari,4568
trifl,4569
fork,4570
mara,4571
closer,4572
brenta,4573
1938,4574
alajmo,4575
emilia,4576
enhanc,4577
spring,4578
vesuviu,4579
imprint,4580
aomi,4581
curios,4582
prison,4583
nina,4584
handmad,4585
built,4586
gemma,4587
scottojonno,4588
stuffi,4589
coastal,4590
cernobbio,4591
mild,4592
pietro,4593
esposito,4594
sgr,4595
acquir,4596
star,4597
shape,4598
villag,4599
soften,4600
hermitag,4601
dug,4602
ciasa,4603
pisciotta,4604
1994,4605
welcom,4606
strength,4607
dama,4608
burger,4609
cell,4610
whiski,4611
palermino,4612
easili,4613
demonstr,4614
spong,4615
montefusco,4616
fuss,4617
manufactur,4618
vitantonio,4619
tarquinia,4620
guarante,4621
mission,4622
innov,4623
instagram,4624
contemporaneo,4625
wall,4626
biagiola,4627
passageway,4628
muddica,4629
marsh,4630
caserta,4631
horatio,4632
benedetto,4633
check,4634
obstacl,4635
liver,4636
slovenian,4637
ten,4638
elba,4639
journey,4640
downhil,4641
onlin,4642
justifi,4643
cicchetteria,4644
luppi,4645
campiello,4646
frutti,4647
mazzafegato,4648
ski,4649
juliet,4650
360,4651
catia,4652
copper,4653
trendi,4654
bel,4655
navelli,4656
stilla,4657
footbal,4658
specif,4659
croton,4660
santi,4661
mostarda,4662
pazientina,4663
neutral,4664
convers,4665
understand,4666
baccal,4667
alreadi,4668
gerhard,4669
exchang,4670
shark,4671
bass,4672
carri,4673
smeralda,4674
tin,4675
candlestick,4676
depot,4677
bone,4678
bruschetta,4679
zaccardi,4680
vanlangenaek,4681
montefeltro,4682
tidi,4683
mid,4684
marmi,4685
studi,4686
nourish,4687
pescara,4688
arnaldo,4689
poderi,4690
true,4691
magona,4692
perpetu,4693
bark,4694
tenerina,4695
malaspina,4696
russi,4697
josta,4698
toffe,4699
monk,4700
despit,4701
citru,4702
instruct,4703
mushroom,4704
sfogli,4705
robiola,4706
capriat,4707
enclav,4708
nive,4709
lacemak,4710
teresa,4711
piatto,4712
gherardesca,4713
prosdocimi,4714
construct,4715
tiberini,4716
monco,4717
marecchia,4718
gnocchetti,4719
bonet,4720
chain,4721
nazzarena,4722
tire,4723
addit,4724
petal,4725
mirazur,4726
word,4727
territorio,4728
cassinetta,4729
mazzorbo,4730
rise,4731
theodor,4732
moor,4733
ichikawa,4734
led,4735
saganaki,4736
merano,4737
nass,4738
spend,4739
romito,4740
calamaro,4741
baretto,4742
mayb,4743
baldassar,4744
alessandra,4745
sienes,4746
intestin,4747
rh,4748
crowd,4749
adig,4750
francesca,4751
tipico,4752
intramontabili,4753
split,4754
parizzi,4755
arno,4756
km,4757
york,4758
floriano,4759
barbato,4760
stay,4761
agriturismo,4762
nod,4763
seggiano,4764
homeland,4765
popular,4766
tomahawk,4767
deep,4768
stellaria,4769
substanti,4770
poetri,4771
pitosforo,4772
moat,4773
alway,4774
soccorso,4775
center,4776
strengthen,4777
pickl,4778
energet,4779
spain,4780
purest,4781
realis,4782
gallipoli,4783
challeng,4784
24,4785
monachil,4786
porticciolo,4787
salviati,4788
cipriani,4789
abruzzesetorronenam,4790
email,4791
geiser,4792
chiefli,4793
secondli,4794
angelina,4795
flight,4796
energi,4797
brescia,4798
gianello,4799
latini,4800
jar,4801
say,4802
sweden,4803
alessandria,4804
salicornia,4805
mint,4806
lichen,4807
deconsecr,4808
tenerumi,4809
breeder,4810
perhap,4811
gavi,4812
race,4813
elong,4814
ago,4815
besid,4816
chair,4817
vari,4818
tofan,4819
fossa,4820
charm,4821
canzian,4822
tranquil,4823
tricesimo,4824
allud,4825
luisa,4826
boost,4827
rich,4828
unchang,4829
octopu,4830
lesser,4831
abocar,4832
mediev,4833
eschew,4834
creeper,4835
ruin,4836
result,4837
galleri,4838
quintero,4839
ecuador,4840
altro,4841
baganza,4842
fune,4843
novo,4844
earli,4845
color,4846
cucumb,4847
papa,4848
tonnato,4849
campi,4850
compon,4851
jasmin,4852
deal,4853
world,4854
venezuela,4855
chianti,4856
alleyway,4857
kept,4858
guangzhou,4859
capanna,4860
bartoli,4861
kindergarten,4862
fresh,4863
subdivid,4864
argaj,4865
woodsmok,4866
nolinski,4867
guido,4868
passignano,4869
mandarin,4870
instantli,4871
nduja,4872
shoot,4873
river,4874
bassano,4875
peposo,4876
brescian,4877
wife,4878
territori,4879
barg,4880
anise,4881
pheasant,4882
pinot,4883
177,4884
carpet,4885
beech,4886
driver,4887
indini,4888
pappardel,4889
cognac,4890
settepiatti,4891
cremona,4892
florian,4893
ischian,4894
crescenzo,4895
transport,4896
ramen,4897
filia,4898
council,4899
staff,4900
necessari,4901
franciacorta,4902
deer,4903
spellbound,4904
expo,4905
murano,4906
mussel,4907
1939,4908
mari,4909
truer,4910
gusto,4911
cajun,4912
peac,4913
breve,4914
schlutzkrapfen,4915
digestif,4916
enthusiast,4917
frediano,4918
uphil,4919
tenderloin,4920
meatbal,4921
marewhich,4922
banish,4923
delizi,4924
alcohol,4925
fabrizia,4926
evolv,4927
sicili,4928
marostica,4929
rovati,4930
viewpoint,4931
morn,4932
soav,4933
wrap,4934
plu,4935
matilda,4936
galeata,4937
sangioves,4938
oxidis,4939
dogfish,4940
aqua,4941
aminta,4942
symbol,4943
fussi,4944
du,4945
valentina,4946
bound,4947
signum,4948
erasmo,4949
quintessenti,4950
ii,4951
metr,4952
trezzo,4953
jame,4954
posit,4955
plateau,4956
tinari,4957
vintag,4958
carrozza,4959
candia,4960
salad,4961
vagu,4962
consolata,4963
shitak,4964
scandinavia,4965
dine,4966
gentli,4967
leandro,4968
feuerstein,4969
warm,4970
refriger,4971
stylishli,4972
harri,4973
donkey,4974
maurizio,4975
portes,4976
pasqual,4977
address,4978
burrata,4979
colombia,4980
pinewood,4981
beauti,4982
candel,4983
bacio,4984
schito,4985
good,4986
splendour,4987
pastel,4988
cumin,4989
poor,4990
conero,4991
cake,4992
risotto,4993
bottom,4994
stew,4995
brought,4996
guarneri,4997
geotherm,4998
afield,4999
samboseto,5000
carmelo,5001
antinori,5002
writer,5003
simpl,5004
greek,5005
basin,5006
freshli,5007
cacer,5008
broad,5009
street,5010
laghetto,5011
refectori,5012
1933,5013
chickpea,5014
ega,5015
withzabaion,5016
torri,5017
abbondanzi,5018
delicatessen,5019
langella,5020
notic,5021
sorrentino,5022
faccani,5023
serva,5024
wide,5025
complet,5026
vehicl,5027
commerci,5028
locat,5029
2010,5030
spectacular,5031
expens,5032
vigilio,5033
roughli,5034
cellar,5035
stove,5036
cutlet,5037
event,5038
svevo,5039
breccia,5040
palumbo,5041
herbert,5042
adject,5043
tataki,5044
spimpolo,5045
pra,5046
fragrant,5047
canton,5048
5km,5049
youth,5050
starter,5051
pico,5052
asian,5053
seduc,5054
call,5055
graziano,5056
cannavacciuolo,5057
gualtiero,5058
massucco,5059
baiocco,5060
pergola,5061
decor,5062
glass,5063
lefay,5064
carnian,5065
glori,5066
alain,5067
cortina,5068
view,5069
sushi,5070
hassler,5071
miso,5072
alfresco,5073
pescatori,5074
templ,5075
greco,5076
lawn,5077
bartolo,5078
hang,5079
tongu,5080
revisit,5081
flank,5082
20menu,5083
breakfast,5084
genova,5085
vernaccia,5086
give,5087
german,5088
antich,5089
dent,5090
fact,5091
china,5092
escalop,5093
less,5094
basic,5095
produc,5096
es,5097
livestock,5098
canella,5099
ball,5100
equens,5101
masala,5102
tagliata,5103
fanci,5104
saor,5105
santandrea,5106
pina,5107
serv,5108
dock,5109
tina,5110
lakesid,5111
madr,5112
mincio,5113
polenta,5114
courteou,5115
gurnard,5116
sizzl,5117
1982,5118
protect,5119
lesina,5120
lazio,5121
visual,5122
cousin,5123
bristol,5124
bellotti,5125
avoid,5126
kursaal,5127
consortium,5128
1990,5129
appar,5130
scent,5131
yacht,5132
also,5133
armani,5134
scuro,5135
concentr,5136
900m,5137
hilltop,5138
nicolosi,5139
confini,5140
hyatt,5141
function,5142
follina,5143
vallefredda,5144
puglia,5145
outcrop,5146
justli,5147
exuber,5148
trotter,5149
napl,5150
demand,5151
cabinet,5152
beetroot,5153
preciou,5154
ibla,5155
whole,5156
shore,5157
grower,5158
direct,5159
lit,5160
autist,5161
employe,5162
miseria,5163
mathia,5164
rispoli,5165
pancak,5166
discov,5167
polish,5168
castelmagno,5169
surpris,5170
dio,5171
perciasacchi,5172
ateli,5173
viviana,5174
fiori,5175
munzillo,5176
shelv,5177
mantra,5178
brugiano,5179
obvious,5180
butterfli,5181
planeta,5182
photograph,5183
amo,5184
twenti,5185
momento,5186
nori,5187
jackson,5188
hazama,5189
lazzarini,5190
bolgheri,5191
friggitello,5192
antonio,5193
carp,5194
sorrentin,5195
schlosswirt,5196
wild,5197
scale,5198
libera,5199
atyp,5200
capodifium,5201
cacciani,5202
butter,5203
pignatelli,5204
tirami,5205
picturesqu,5206
unconvent,5207
marzamemi,5208
non,5209
marcelli,5210
intesa,5211
1585,5212
crostini,5213
locomot,5214
flute,5215
transform,5216
lake,5217
uffizi,5218
consist,5219
uninterest,5220
spent,5221
ulmo,5222
finish,5223
baroqu,5224
principl,5225
purpos,5226
numana,5227
1901,5228
maqui,5229
seri,5230
navona,5231
feel,5232
rose,5233
regret,5234
summer,5235
cookwar,5236
bandi,5237
asado,5238
mirin,5239
arlecchino,5240
innikkei,5241
dice,5242
lid,5243
tropea,5244
fragsburg,5245
activ,5246
pennisi,5247
cartellata,5248
candiano,5249
unknown,5250
verona,5251
ad,5252
lampascioni,5253
consum,5254
copiou,5255
augusto,5256
2020,5257
adventur,5258
grouper,5259
immacolata,5260
turbot,5261
troisi,5262
honour,5263
interest,5264
marsupino,5265
il,5266
bentivoglio,5267
drago,5268
canossa,5269
meschio,5270
cherri,5271
duomo,5272
vittorial,5273
club,5274
famili,5275
23,5276
scaligero,5277
common,5278
anyon,5279
landmark,5280
calabres,5281
butcher,5282
candlelight,5283
restructur,5284
50m,5285
intric,5286
belong,5287
incompar,5288
shelter,5289
rucola,5290
parkland,5291
guess,5292
fallen,5293
bo,5294
signora,5295
pintadera,5296
runat,5297
doorbel,5298
layout,5299
volta,5300
minnuzza,5301
groan,5302
fish,5303
bowl,5304
pollenzo,5305
arrostoor,5306
mediterraneo,5307
well,5308
lele,5309
absinth,5310
calabria,5311
cheaper,5312
base,5313
brown,5314
deliv,5315
temperatur,5316
geometr,5317
diminut,5318
lionetti,5319
brianza,5320
vietres,5321
prosciutto,5322
oldani,5323
verg,5324
cassoeula,5325
elm,5326
treat,5327
manoppello,5328
resort,5329
memori,5330
giudia,5331
stagional,5332
valuabl,5333
underlin,5334
lippi,5335
manuela,5336
salento,5337
seat,5338
13c,5339
serena,5340
elegant,5341
teatro,5342
roll,5343
hurri,5344
allergi,5345
favignana,5346
fell,5347
scuncilli,5348
spirit,5349
brezza,5350
haziri,5351
genoes,5352
esperienz,5353
nzia,5354
accompani,5355
cun,5356
bagno,5357
riomaggior,5358
c,5359
fiera,5360
mausoleum,5361
attract,5362
tad,5363
seed,5364
mantua,5365
francigena,5366
baldessari,5367
social,5368
tiglio,5369
baumgartn,5370
reput,5371
exclud,5372
fogher,5373
parmesan,5374
vial,5375
ran,5376
giandujotto,5377
glam,5378
bowerman,5379
manicon,5380
enjoy,5381
larin,5382
theatr,5383
galleria,5384
relax,5385
rhubarb,5386
blackboard,5387
cotton,5388
sakali,5389
intriguingvieni,5390
divid,5391
rememb,5392
grappa,5393
pici,5394
gobbetto,5395
barchessa,5396
silvestro,5397
style,5398
kerkira,5399
dello,5400
excess,5401
cohes,5402
9pm,5403
kind,5404
radicchio,5405
ligurian,5406
caraf,5407
sakai,5408
provid,5409
taken,5410
red,5411
bygon,5412
mustard,5413
sicilia,5414
orob,5415
effortlessli,5416
stilt,5417
bitto,5418
consider,5419
sort,5420
mupa,5421
mariella,5422
unlimit,5423
castello,5424
tang,5425
charleston,5426
dolcedo,5427
english,5428
quarto,5429
mutual,5430
admiss,5431
invit,5432
sell,5433
de,5434
sat,5435
vincent,5436
tuscan,5437
meadow,5438
flowersand,5439
monfettini,5440
galateo,5441
moi,5442
pandolfo,5443
stun,5444
goggi,5445
termeno,5446
controversi,5447
emilian,5448
frosio,5449
shone,5450
burrida,5451
mazzara,5452
perla,5453
mirko,5454
cantones,5455
regular,5456
tast,5457
bearer,5458
involv,5459
cicognolo,5460
rather,5461
divers,5462
disheswith,5463
caramanico,5464
fontanafredda,5465
carricant,5466
cilenti,5467
sergio,5468
mantarro,5469
ost,5470
meet,5471
relazioni,5472
four,5473
finest,5474
reminisc,5475
sow,5476
portico,5477
1997,5478
memor,5479
probabl,5480
lapland,5481
porcelli,5482
cramp,5483
horseradish,5484
mixtur,5485
tret,5486
taster,5487
gianpaolo,5488
murrua,5489
rocket,5490
spumon,5491
featuresarrosticini,5492
claudia,5493
parent,5494
dialogu,5495
nascosto,5496
tuesday,5497
fare,5498
prioritis,5499
expertis,5500
maschio,5501
dipino,5502
piazzetta,5503
bressanon,5504
vittoria,5505
p,5506
moorish,5507
skirt,5508
acaja,5509
opportun,5510
ami,5511
belov,5512
appoint,5513
snail,5514
lengthway,5515
seawe,5516
sensit,5517
dynasti,5518
prezioso,5519
visibilio,5520
isabella,5521
agata,5522
wherev,5523
sugihara,5524
equa,5525
129,5526
upon,5527
bertelli,5528
eleven,5529
bite,5530
skewer,5531
gara,5532
showcas,5533
file,5534
monviso,5535
iyo,5536
forerunn,5537
within,5538
concern,5539
gramigna,5540
franciosi,5541
millefogli,5542
tokuyoshi,5543
varena,5544
maker,5545
vatican,5546
3c,5547
gambero,5548
lungarno,5549
marcello,5550
sa,5551
wisteria,5552
line,5553
advic,5554
vietri,5555
nadia,5556
precis,5557
sukiyaki,5558
pick,5559
town,5560
endiv,5561
feat,5562
trapani,5563
biuso,5564
clearli,5565
mould,5566
skate,5567
tantal,5568
panel,5569
fireplac,5570
neighborhood,5571
breathtak,5572
coquu,5573
ritual,5574
hare,5575
outset,5576
sasso,5577
frog,5578
afford,5579
vanessa,5580
met,5581
sard,5582
sensazioni,5583
bedroom,5584
pepper,5585
evan,5586
lacco,5587
1947,5588
ciociara,5589
doronzo,5590
sagrestia,5591
extraordinaryagnolotti,5592
spezia,5593
umbria,5594
shortest,5595
lettuc,5596
fabbrica,5597
accent,5598
misurina,5599
tool,5600
vertigin,5601
civitella,5602
vinilia,5603
maintain,5604
18c,5605
shrine,5606
equinozio,5607
spectacl,5608
sabino,5609
arancino,5610
pascal,5611
turin,5612
oscar,5613
roy,5614
bloom,5615
creativ,5616
pretti,5617
brain,5618
encourag,5619
fresco,5620
pale,5621
pigna,5622
punt,5623
vanilla,5624
inform,5625
filindeu,5626
livorno,5627
bar,5628
unpretenti,5629
gia,5630
zito,5631
robi,5632
benedikto,5633
blind,5634
guest,5635
gu,5636
peninsula,5637
liguria,5638
1967,5639
eastern,5640
gardena,5641
servic,5642
tyrrhenian,5643
young,5644
rediscov,5645
radetzki,5646
mole,5647
greener,5648
addict,5649
sage,5650
breweri,5651
gronchi,5652
montecuccoli,5653
previou,5654
sixti,5655
trabalzini,5656
credit,5657
zecchin,5658
textil,5659
cerreto,5660
villani,5661
22,5662
ribollita,5663
moena,5664
resolut,5665
smallest,5666
ambienti,5667
bridg,5668
piemont,5669
trumpet,5670
del,5671
faith,5672
noteworthi,5673
sultano,5674
technic,5675
capon,5676
third,5677
idylio,5678
r,5679
panorama,5680
mind,5681
runner,5682
alighiero,5683
terrac,5684
sea,5685
nice,5686
escap,5687
mecca,5688
focu,5689
end,5690
lillaz,5691
powder,5692
sibillini,5693
cacao,5694
geographi,5695
guestroom,5696
extraordinari,5697
kitchen,5698
bishop,5699
inevit,5700
men,5701
chamber,5702
basso,5703
costanzo,5704
june,5705
flaminio,5706
cesenatico,5707
masanti,5708
santuario,5709
marinad,5710
cookeri,5711
alga,5712
costantini,5713
utmost,5714
steak,5715
carropont,5716
lanzellotti,5717
vespasia,5718
cerver,5719
fli,5720
rainer,5721
breast,5722
face,5723
cr,5724
valtellina,5725
transatlant,5726
conceiv,5727
mocellin,5728
piccion,5729
specialist,5730
host,5731
crayfish,5732
sauvignon,5733
pepe,5734
sylvan,5735
nigro,5736
weingut,5737
alp,5738
imperatori,5739
sull,5740
framura,5741
stelvio,5742
set,5743
bachelor,5744
cantafio,5745
artisti,5746
calledexperi,5747
begin,5748
corn,5749
scossoand,5750
ceil,5751
che,5752
tonic,5753
candela,5754
archway,5755
spit,5756
solociccia,5757
iorio,5758
2023,5759
luri,5760
preboggion,5761
mame,5762
beatric,5763
muffl,5764
120,5765
60th,5766
kelp,5767
soy,5768
stuff,5769
rye,5770
perus,5771
brogna,5772
salina,5773
onward,5774
northern,5775
cervo,5776
frill,5777
gondolieri,5778
klugmann,5779
orient,5780
approxim,5781
pesto,5782
po,5783
8,5784
villadorata,5785
conca,5786
withsolinawheat,5787
falco,5788
cook,5789
rex,5790
linguaglossa,5791
grandeur,5792
ricomincio,5793
osti,5794
chat,5795
wallpap,5796
venosa,5797
bustl,5798
miniato,5799
lavazza,5800
teal,5801
torta,5802
shadow,5803
cipolla,5804
idyl,5805
rosemari,5806
travertin,5807
crisci,5808
broken,5809
timber,5810
fiordaliso,5811
consult,5812
ma,5813
predict,5814
magredi,5815
procida,5816
told,5817
microcosm,5818
comacina,5819
presenc,5820
giusepp,5821
krug,5822
banner,5823
boffa,5824
pezzo,5825
refuge,5826
valerio,5827
prais,5828
six,5829
ionio,5830
rio,5831
vezzani,5832
bruzzon,5833
lepor,5834
bordeaux,5835
noto,5836
lloyd,5837
denomin,5838
tavolara,5839
win,5840
warmth,5841
slow,5842
degan,5843
affect,5844
referenc,5845
bufi,5846
stuf,5847
bonito,5848
exhibit,5849
limit,5850
railway,5851
either,5852
chemic,5853
19c,5854
hamburg,5855
koji,5856
cippi,5857
pastri,5858
2004,5859
70,5860
siracusa,5861
persimmon,5862
boulder,5863
devoto,5864
utini,5865
abruzzi,5866
nameindini,5867
skyscrap,5868
dirt,5869
lardo,5870
pensando,5871
ampezzo,5872
papal,5873
pastissada,5874
comic,5875
flavour,5876
particolar,5877
cleverli,5878
nuzzo,5879
arnei,5880
multicultur,5881
char,5882
sole,5883
padano,5884
roia,5885
bargellini,5886
fusion,5887
alciati,5888
fauna,5889
magro,5890
rooftop,5891
accademia,5892
resembl,5893
pillow,5894
paves,5895
forgotten,5896
alta,5897
bress,5898
bit,5899
versilian,5900
synagogu,5901
vipiteno,5902
mancini,5903
onto,5904
linen,5905
latest,5906
scelta,5907
knit,5908
ordinari,5909
stem,5910
coda,5911
fast,5912
morel,5913
sometim,5914
fruit,5915
much,5916
summertim,5917
tuma,5918
oregano,5919
ghedini,5920
busier,5921
girtler,5922
porto,5923
contrast,5924
annunziata,5925
former,5926
rebellion,5927
aquarium,5928
cascinalenuovo,5929
lorenzo,5930
menton,5931
casual,5932
cast,5933
eraclio,5934
month,5935
scratch,5936
manner,5937
sannio,5938
lana,5939
yolk,5940
scottona,5941
marcelin,5942
borromeo,5943
piccola,5944
piano,5945
seclud,5946
vicenza,5947
drawn,5948
mescafrancesca,5949
hearti,5950
sixth,5951
indian,5952
cocktail,5953
know,5954
impecc,5955
purpl,5956
sav,5957
nicastro,5958
hop,5959
quarta,5960
gard,5961
mauricio,5962
imag,5963
1966,5964
byzantin,5965
count,5966
zen,5967
kist,5968
offici,5969
craparo,5970
valazza,5971
combo,5972
montalcino,5973
excit,5974
christma,5975
centocel,5976
vastes,5977
lai,5978
accord,5979
aesthet,5980
giovanna,5981
monfort,5982
balanc,5983
bravaccini,5984
funicular,5985
laid,5986
panna,5987
expans,5988
pallon,5989
renzi,5990
polignano,5991
zannon,5992
terracotta,5993
cep,5994
focaccia,5995
winner,5996
franco,5997
trulli,5998
temperini,5999
marmo,6000
emphasi,6001
tray,6002
mel,6003
histor,6004
intellig,6005
museo,6006
lifestyl,6007
clusan,6008
sassicaia,6009
care,6010
hotel,6011
rocchetti,6012
chop,6013
intuit,6014
pepp,6015
teano,6016
groceri,6017
requir,6018
decidedli,6019
noli,6020
bunet,6021
overse,6022
ferrara,6023
riesl,6024
federico,6025
compani,6026
bressan,6027
trani,6028
positano,6029
wasabi,6030
incred,6031
motta,6032
prest,6033
teach,6034
anto,6035
togeth,6036
fishmong,6037
dominican,6038
castel,6039
glaze,6040
bosco,6041
leas,6042
papi,6043
siviero,6044
ventur,6045
barolo,6046
fond,6047
occas,6048
abou,6049
sogno,6050
tutto,6051
ideal,6052
eruzion,6053
francica,6054
vibrant,6055
soil,6056
bianca,6057
bella,6058
coupl,6059
trip,6060
vast,6061
whelk,6062
jovial,6063
properti,6064
casano,6065
ferretto,6066
carrot,6067
roberta,6068
competit,6069
como,6070
stage,6071
deepli,6072
integr,6073
assisi,6074
napoleon,6075
soundtrack,6076
ossola,6077
dessert,6078
favourit,6079
pantheon,6080
macaroon,6081
puf,6082
model,6083
castelli,6084
1992,6085
blanc,6086
enoica,6087
tuna,6088
finess,6089
imagna,6090
avocado,6091
bisqu,6092
august,6093
traffic,6094
winter,6095
cotoletta,6096
martino,6097
dolc,6098
becam,6099
start,6100
seasid,6101
gatto,6102
alemb,6103
vase,6104
velveti,6105
prime,6106
porteri,6107
umbrichelli,6108
maiellabi,6109
exagger,6110
mile,6111
spin,6112
belli,6113
castrozza,6114
three,6115
necropoli,6116
catfish,6117
amatriciana,6118
institut,6119
stunningli,6120
chitarra,6121
wider,6122
cuoco,6123
romagnol,6124
madama,6125
cavallino,6126
fondoval,6127
sett,6128
4km,6129
ri,6130
outli,6131
salt,6132
primi,6133
rank,6134
lakeshor,6135
beata,6136
sassari,6137
subject,6138
intend,6139
classic,6140
trabe,6141
pelizzari,6142
sagramoso,6143
antechamb,6144
sebada,6145
fabul,6146
stube,6147
yeast,6148
1618,6149
aosta,6150
tenuta,6151
udin,6152
sci,6153
octob,6154
phrase,6155
hold,6156
uncompl,6157
progress,6158
lazarov,6159
omakas,6160
tapestri,6161
gastronom,6162
marzullo,6163
sardinian,6164
giacomo,6165
nin,6166
lagrein,6167
assort,6168
domingo,6169
dark,6170
aliv,6171
verbano,6172
smart,6173
occupi,6174
complex,6175
thirti,6176
fuoco,6177
natur,6178
latin,6179
25th,6180
prettiest,6181
tasti,6182
redecor,6183
earthi,6184
lunigiana,6185
arch,6186
bechamel,6187
vite,6188
shade,6189
laghi,6190
life,6191
magnolia,6192
000,6193
hoteli,6194
peke,6195
menegaldo,6196
kid,6197
etc,6198
keep,6199
feniletto,6200
goe,6201
edoardo,6202
vital,6203
daughter,6204
show,6205
stori,6206
ragout,6207
lunchtim,6208
cedron,6209
11c,6210
pansotti,6211
caretak,6212
bergamo,6213
franc,6214
bonu,6215
adami,6216
ricchebono,6217
extraordinarili,6218
giada,6219
envisag,6220
enoteca,6221
loggia,6222
bento,6223
plenti,6224
turnip,6225
baja,6226
caviar,6227
scottadito,6228
aisl,6229
sauna,6230
gilmozzi,6231
1700,6232
protagonist,6233
outstand,6234
scarello,6235
exot,6236
landscap,6237
gorgonzola,6238
typifi,6239
predilect,6240
morello,6241
rend,6242
moresca,6243
pinch,6244
tempt,6245
gerani,6246
aristocraci,6247
eye,6248
manag,6249
olbia,6250
longer,6251
iuliano,6252
wrought,6253
linguin,6254
intrigu,6255
scopiccio,6256
pleas,6257
straw,6258
cosmo,6259
differ,6260
marseil,6261
freedom,6262
coconut,6263
cedroni,6264
santamonica,6265
adopt,6266
button,6267
citt,6268
lama,6269
includ,6270
pecorino,6271
normal,6272
haut,6273
tortuga,6274
seven,6275
pull,6276
bomba,6277
loin,6278
litr,6279
root,6280
acquerello,6281
better,6282
trio,6283
crackl,6284
ferrero,6285
hard,6286
period,6287
maranello,6288
omit,6289
ornament,6290
vucciria,6291
second,6292
doorway,6293
wast,6294
italia,6295
episod,6296
otherwis,6297
stafler,6298
gulf,6299
farmstead,6300
laetitia,6301
alserio,6302
isarco,6303
aost,6304
sit,6305
etruscan,6306
marianna,6307
fill,6308
tradit,6309
nostr,6310
cardoon,6311
pontinia,6312
reserv,6313
chanc,6314
solina,6315
risultato,6316
difficulti,6317
cycl,6318
finanzierastew,6319
exhaust,6320
perspect,6321
consumm,6322
contin,6323
capitaneo,6324
byblo,6325
satisfact,6326
arva,6327
cordero,6328
candlelit,6329
brazilian,6330
mulberri,6331
icehous,6332
boschi,6333
wagyu,6334
emilio,6335
art,6336
bufala,6337
discuss,6338
often,6339
mainland,6340
spatula,6341
gerli,6342
gaio,6343
australian,6344
maioni,6345
cover,6346
ampl,6347
nostra,6348
qualiti,6349
prompt,6350
bike,6351
ownership,6352
venetianb,6353
laguna,6354
levanto,6355
patienc,6356
umberto,6357
1987,6358
numer,6359
hosomaki,6360
miki,6361
cauliflow,6362
length,6363
prodigi,6364
handwritten,6365
itali,6366
camillo,6367
ivan,6368
dot,6369
abbruzzino,6370
ala,6371
consid,6372
fortun,6373
faraglioni,6374
major,6375
brusson,6376
abbey,6377
pirro,6378
stapl,6379
dri,6380
grandios,6381
spaciou,6382
bastion,6383
rag,6384
mural,6385
sandra,6386
room,6387
bottarga,6388
campagna,6389
dimora,6390
adriano,6391
valtellines,6392
pizzaiola,6393
nogher,6394
monterozzi,6395
snack,6396
maze,6397
whitefish,6398
yuyo,6399
luigi,6400
pompeo,6401
whim,6402
crescendo,6403
campobello,6404
cityscap,6405
identifi,6406
pappai,6407
pino,6408
snugli,6409
mix,6410
freshwat,6411
riscon,6412
fantasi,6413
foie,6414
columbu,6415
window,6416
dal,6417
fregula,6418
throw,6419
brigida,6420
toul,6421
1850,6422
duo,6423
9th,6424
cardi,6425
way,6426
300m,6427
honor,6428
shell,6429
ancona,6430
cerea,6431
bergamot,6432
courgett,6433
senal,6434
holiday,6435
russo,6436
acciderba,6437
stucco,6438
pattern,6439
austria,6440
entrepreneur,6441
1973,6442
recur,6443
kerm,6444
soverato,6445
loft,6446
fourth,6447
martella,6448
tonn,6449
campigotto,6450
excellentplin,6451
garden,6452
vault,6453
slide,6454
bassi,6455
decept,6456
arriv,6457
lui,6458
metro,6459
saltimbocca,6460
crispi,6461
dim,6462
sfogliatina,6463
kondo,6464
grandfath,6465
chantant,6466
elisa,6467
bettelmatt,6468
asia,6469
deservedli,6470
wing,6471
bold,6472
doubl,6473
mediterranean,6474
manti,6475
saddl,6476
proudest,6477
underground,6478
vallio,6479
lili,6480
lyche,6481
strawberri,6482
whether,6483
golfo,6484
corona,6485
90,6486
prussian,6487
libero,6488
age,6489
pe,6490
dalla,6491
valley,6492
trust,6493
worthi,6494
limeston,6495
vincenzo,6496
ruggiero,6497
push,6498
announc,6499
nettl,6500
pi,6501
ferrari,6502
confit,6503
truli,6504
pavilion,6505
palermo,6506
adapt,6507
rebirth,6508
homag,6509
commit,6510
alessandrina,6511
card,6512
trout,6513
proud,6514
season,6515
mainli,6516
cappelletti,6517
variou,6518
fun,6519
macello,6520
grandmoth,6521
grassi,6522
classicpigeon,6523
lingotto,6524
heartili,6525
venissa,6526
couscou,6527
caltagiron,6528
hall,6529
thick,6530
psych,6531
mist,6532
resid,6533
henc,6534
fritto,6535
outdooral,6536
huge,6537
torsiello,6538
si,6539
gastrofluvi,6540
herb,6541
mi,6542
sassi,6543
bean,6544
dozen,6545
barley,6546
mayo,6547
fresca,6548
figur,6549
tespi,6550
given,6551
pari,6552
consolid,6553
famou,6554
broast,6555
pascucci,6556
malloreddu,6557
suburb,6558
benaco,6559
300ha,6560
perna,6561
dario,6562
ginetta,6563
norma,6564
provenc,6565
shrimp,6566
job,6567
eas,6568
venison,6569
tegamaccio,6570
matares,6571
influenti,6572
orang,6573
sarca,6574
side,6575
articl,6576
involtino,6577
echo,6578
3ha,6579
shortag,6580
1922,6581
carannant,6582
caino,6583
coeliac,6584
allus,6585
outing,6586
aurina,6587
depend,6588
bernini,6589
amid,6590
bohemian,6591
grana,6592
occhiovivo,6593
island,6594
find,6595
chang,6596
patagonian,6597
tuorlo,6598
state,6599
cantuccio,6600
excellentcima,6601
baldassarr,6602
dynam,6603
pan,6604
farm,6605
pamper,6606
ship,6607
delicaci,6608
800m,6609
among,6610
roofbeam,6611
seminario,6612
brandini,6613
buca,6614
nation,6615
fatti,6616
modo,6617
calvisano,6618
central,6619
indaco,6620
lengthi,6621
mexican,6622
macerata,6623
pare,6624
astut,6625
benefit,6626
front,6627
alessio,6628
satoshi,6629
fossombron,6630
montani,6631
gigant,6632
marc,6633
salcheto,6634
horizon,6635
bluefin,6636
federica,6637
arabo,6638
sublim,6639
rice,6640
owner,6641
fogli,6642
mare,6643
salar,6644
stylemora,6645
aid,6646
zass,6647
amphitheatr,6648
diner,6649
gisela,6650
coach,6651
system,6652
factori,6653
thesopa,6654
leav,6655
verbena,6656
certifi,6657
piedi,6658
look,6659
laigueglia,6660
sacco,6661
altern,6662
heinz,6663
tondo,6664
forth,6665
infal,6666
marconi,6667
grapefruit,6668
cerreta,6669
refer,6670
teishokuset,6671
cap,6672
grove,6673
catinaccio,6674
rug,6675
remark,6676
inspir,6677
millefeuil,6678
worri,6679
expect,6680
ivano,6681
fondant,6682
revolutionari,6683
commiss,6684
must,6685
uliveto,6686
custard,6687
culmin,6688
updat,6689
calm,6690
costantino,6691
antoni,6692
oliv,6693
lead,6694
stringi,6695
rick,6696
sawmil,6697
elisabetta,6698
blackneroi,6699
clad,6700
hidalgo,6701
claroni,6702
michelino,6703
burba,6704
flower,6705
frattaubread,6706
drape,6707
provolon,6708
pasteuris,6709
plastic,6710
lightli,6711
element,6712
balconi,6713
silhouett,6714
falter,6715
patron,6716
piero,6717
radiu,6718
katia,6719
rivarola,6720
manuelina,6721
signor,6722
hinterland,6723
spiritu,6724
puccini,6725
alici,6726
oglio,6727
charact,6728
tedeschi,6729
santa,6730
quattro,6731
lamb,6732
minimum,6733
anim,6734
carracci,6735
rocca,6736
maggior,6737
annex,6738
lievitazioni,6739
nutrit,6740
caf,6741
valdestali,6742
moriggi,6743
descript,6744
path,6745
naturalment,6746
panfilio,6747
20km,6748
guardroom,6749
raia,6750
broaden,6751
suprem,6752
lost,6753
appl,6754
environ,6755
instinct,6756
leocorno,6757
nuvola,6758
back,6759
disguis,6760
lucki,6761
locanda,6762
mixolog,6763
distract,6764
germani,6765
nigiri,6766
balbianello,6767
guidara,6768
nine,6769
viu,6770
like,6771
wheel,6772
parquet,6773
interpret,6774
gioconda,6775
buzz,6776
inde,6777
secondi,6778
heavili,6779
everyon,6780
left,6781
cling,6782
cornaredo,6783
bolognes,6784
character,6785
adjac,6786
concattedral,6787
fassona,6788
descent,6789
parasol,6790
finocchiaro,6791
explod,6792
silvia,6793
entri,6794
zabajon,6795
laboratori,6796
food,6797
refresh,6798
renaiss,6799
tack,6800
delicato,6801
anagram,6802
gem,6803
150,6804
brightli,6805
verd,6806
vegetal,6807
rizzuto,6808
caught,6809
spread,6810
spot,6811
calandr,6812
urquiola,6813
1979,6814
earthquak,6815
grotto,6816
today,6817
cimbron,6818
augurio,6819
extens,6820
smaller,6821
excel,6822
recommend,6823
italian,6824
crystal,6825
5pm,6826
nicoletta,6827
free,6828
gioie,6829
one,6830
colleagu,6831
pellegrino,6832
port,6833
aquila,6834
purchas,6835
bell,6836
salvo,6837
toro,6838
wooden,6839
includesard,6840
repubblica,6841
coll,6842
evidenc,6843
concept,6844
noth,6845
piombino,6846
histaralliand,6847
ronchetto,6848
holzner,6849
1985,6850
completata,6851
fa,6852
sondrio,6853
catucci,6854
toni,6855
7am,6856
brainchild,6857
archangel,6858
castiglion,6859
180,6860
cartoccio,6861
berri,6862
engag,6863
volcan,6864
orsosemifreddo,6865
embrac,6866
trentino,6867
pass,6868
height,6869
hydroelectr,6870
typic,6871
barbecu,6872
georg,6873
alto,6874
casatiello,6875
1900,6876
flour,6877
orientali,6878
boredom,6879
lanss,6880
size,6881
bacher,6882
ambrogio,6883
maremma,6884
1614,6885
ealai,6886
thebacc,6887
cauldron,6888
choos,6889
deserv,6890
abruzzo,6891
abeurr,6892
artusi,6893
peak,6894
blasio,6895
artistri,6896
shred,6897
billia,6898
doc,6899
petru,6900
januariu,6901
gyoza,6902
peach,6903
lab,6904
half,6905
vino,6906
mantecati,6907
kuroda,6908
modesti,6909
upper,6910
velout,6911
portofino,6912
cooler,6913
door,6914
made,6915
cavour,6916
falzarego,6917
oil,6918
mean,6919
particular,6920
ladin,6921
alfio,6922
mano,6923
30th,6924
apprenticeship,6925
mirto,6926
without,6927
vill,6928
fausto,6929
currant,6930
martin,6931
1950,6932
south,6933
empanada,6934
18,6935
krapf,6936
sch,6937
barberini,6938
tita,6939
hanger,6940
ricci,6941
errico,6942
nikita,6943
annunzio,6944
chardonnay,6945
milazzo,6946
saporium,6947
provola,6948
forst,6949
viareggio,6950
woodruff,6951
par,6952
fiordilatt,6953
meantim,6954
35min,6955
cod,6956
staircas,6957
tuck,6958
restuar,6959
negrini,6960
lace,6961
serina,6962
anniversari,6963
1800,6964
spill,6965
50,6966
giglio,6967
varaita,6968
consequ,6969
iseo,6970
fontanina,6971
provenienti,6972
pucia,6973
monica,6974
lavagna,6975
music,6976
wear,6977
quieter,6978
luchino,6979
hail,6980
tubladel,6981
classico,6982
expertli,6983
robuchon,6984
acquaint,6985
deco,6986
christoph,6987
pow,6988
fig,6989
draw,6990
mazzini,6991
marini,6992
taratat,6993
fazio,6994
postman,6995
bardini,6996
stylish,6997
orsola,6998
tour,6999
sour,7000
mozzarella,7001
object,7002
strict,7003
backlit,7004
song,7005
saltwat,7006
gracious,7007
flow,7008
sofa,7009
biodynam,7010
mountain,7011
ide,7012
supper,7013
japan,7014
pannicolo,7015
mariapaola,7016
mamma,7017
savour,7018
testa,7019
burkhard,7020
ciociaria,7021
nb,7022
salumi,7023
evoluzion,7024
trail,7025
amaz,7026
maccheroncini,7027
benso,7028
snapper,7029
possoni,7030
bistro,7031
strang,7032
day,7033
tone,7034
soul,7035
money,7036
bath,7037
une,7038
silhav,7039
coratella,7040
opul,7041
canapino,7042
blue,7043
might,7044
volp,7045
7pm,7046
pella,7047
oak,7048
jealous,7049
18ha,7050
pinerolo,7051
surgic,7052
furlo,7053
pace,7054
contemporanea,7055
thermal,7056
women,7057
pisarei,7058
asfri,7059
rubiera,7060
later,7061
cappuccino,7062
steel,7063
unexpectedli,7064
sensat,7065
guid,7066
bonus,7067
ricchebuono,7068
baccala,7069
meroi,7070
crest,7071
hazel,7072
giudecca,7073
wholeheartedli,7074
bachmann,7075
criteria,7076
broccoli,7077
pralin,7078
bid,7079
accursio,7080
spaccanapoli,7081
brixen,7082
grace,7083
contribut,7084
beli,7085
casertona,7086
proposta,7087
cloister,7088
penultim,7089
straight,7090
valpolicella,7091
sesam,7092
arrigoni,7093
opposit,7094
chiara,7095
ironi,7096
maezza,7097
rapolano,7098
crew,7099
improv,7100
erbazzon,7101
deliber,7102
chosen,7103
enorm,7104
occasion,7105
mash,7106
other,7107
tistot,7108
scabin,7109
venart,7110
statu,7111
azienda,7112
first,7113
metullio,7114
pontoon,7115
turmer,7116
lessinia,7117
gianduia,7118
flavio,7119
sign,7120
elisabeth,7121
regional,7122
hunt,7123
gentl,7124
centofanti,7125
jo,7126
cagliari,7127
fri,7128
needl,7129
spectrum,7130
nich,7131
stigliano,7132
betancourt,7133
array,7134
fishbon,7135
albaro,7136
medium,7137
mart,7138
pompanin,7139
garibaldi,7140
antonia,7141
mazzoleni,7142
flagship,7143
zuppa,7144
agre,7145
stranger,7146
550m,7147
multi,7148
caterina,7149
cozzetto,7150
colleoni,7151
distinct,7152
convinc,7153
cava,7154
anna,7155
dens,7156
particip,7157
ferreri,7158
sigilinium,7159
remot,7160
reloc,7161
jamant,7162
mazzaroni,7163
trentingrana,7164
semifreddo,7165
provocazioni,7166
biodivers,7167
piec,7168
timelessli,7169
marina,7170
531,7171
raspberri,7172
bramea,7173
enrico,7174
steep,7175
superl,7176
rispo,7177
2014,7178
bulwark,7179
sella,7180
particularli,7181
put,7182
angel,7183
baldo,7184
barrel,7185
viaj,7186
cave,7187
battl,7188
explan,7189
taggiasch,7190
paestum,7191
golf,7192
avino,7193
tumin,7194
vallicella,7195
grocer,7196
caro,7197
plin,7198
sight,7199
birth,7200
surviv,7201
effort,7202
inhabit,7203
mura,7204
cavi,7205
louis,7206
lido,7207
1877,7208
fior,7209
gaze,7210
eccentr,7211
comput,7212
miteco,7213
daniela,7214
ricordi,7215
dsquared2,7216
sold,7217
supplement,7218
baronetto,7219
possibl,7220
drink,7221
fed,7222
pinchiorri,7223
leemann,7224
overflow,7225
te,7226
explor,7227
grappoli,7228
giannuzzi,7229
iwai,7230
vet,7231
snow,7232
zero,7233
item,7234
dome,7235
orchestra,7236
actual,7237
1300,7238
augusta,7239
colucci,7240
vasariana,7241
describ,7242
support,7243
petriolo,7244
theenotecaon,7245
suzuki,7246
appropri,7247
crafun,7248
proprietor,7249
mandilli,7250
leaf,7251
aromat,7252
improvis,7253
000m,7254
guggenheim,7255
vergin,7256
exactli,7257
futurist,7258
